customer_id,experiment_group,assign_date
1,B,2024-01-11
2,B,2024-01-13
3,A,2024-01-10
4,A,2024-01-13
5,A,2024-01-09
6,A,2024-01-15
7,B,2024-01-09
8,B,2024-01-03
9,B,2024-01-06
10,B,2024-01-09
11,B,2024-01-03
12,A,2024-01-07
13,B,2024-01-06
14,A,2024-01-05
15,A,2024-01-05
16,A,2024-01-12
17,A,2024-01-04
18,A,2024-01-16
19,A,2024-01-09
20,B,2024-01-11
21,B,2024-01-12
22,A,2024-01-11
23,B,2024-01-11
24,B,2024-01-13
25,B,2024-01-06
26,B,2024-01-14
27,A,2024-01-05
28,B,2024-01-09
29,A,2024-01-05
30,A,2024-01-15
31,A,2024-01-01
32,A,2024-01-02
33,A,2024-01-08
34,A,2024-01-06
35,B,2024-01-13
36,B,2024-01-15
37,A,2024-01-15
38,B,2024-01-04
39,A,2024-01-08
40,B,2024-01-15
41,B,2024-01-16
42,B,2024-01-12
43,A,2024-01-15
44,A,2024-01-11
45,B,2024-01-04
46,B,2024-01-12
47,B,2024-01-11
48,B,2024-01-13
49,A,2024-01-04
50,A,2024-01-03
51,B,2024-01-11
52,A,2024-01-13
53,B,2024-01-06
54,A,2024-01-05
55,A,2024-01-05
56,B,2024-01-01
57,B,2024-01-14
58,B,2024-01-14
59,A,2024-01-03
60,A,2024-01-16
61,A,2024-01-01
62,A,2024-01-08
63,B,2024-01-10
64,A,2024-01-08
65,B,2024-01-13
66,A,2024-01-03
67,A,2024-01-08
68,B,2024-01-16
69,A,2024-01-01
70,B,2024-01-12
71,A,2024-01-05
72,B,2024-01-16
73,A,2024-01-12
74,B,2024-01-09
75,A,2024-01-15
76,A,2024-01-11
77,B,2024-01-04
78,B,2024-01-06
79,B,2024-01-11
80,A,2024-01-07
81,B,2024-01-16
82,A,2024-01-01
83,A,2024-01-11
84,A,2024-01-06
85,A,2024-01-12
86,A,2024-01-02
87,A,2024-01-04
88,B,2024-01-12
89,A,2024-01-11
90,B,2024-01-10
91,A,2024-01-09
92,A,2024-01-05
93,B,2024-01-02
94,A,2024-01-06
95,A,2024-01-11
96,A,2024-01-09
97,A,2024-01-11
98,B,2024-01-07
99,B,2024-01-05
100,B,2024-01-01
101,B,2024-01-11
102,B,2024-01-08
103,B,2024-01-10
104,A,2024-01-07
105,B,2024-01-02
106,A,2024-01-08
107,B,2024-01-15
108,B,2024-01-14
109,A,2024-01-04
110,B,2024-01-06
111,B,2024-01-11
112,B,2024-01-11
113,A,2024-01-03
114,B,2024-01-07
115,A,2024-01-03
116,A,2024-01-14
117,A,2024-01-16
118,B,2024-01-03
119,B,2024-01-10
120,A,2024-01-12
121,A,2024-01-05
122,A,2024-01-05
123,B,2024-01-01
124,B,2024-01-03
125,B,2024-01-05
126,B,2024-01-04
127,B,2024-01-08
128,A,2024-01-03
129,A,2024-01-16
130,B,2024-01-14
131,B,2024-01-06
132,B,2024-01-15
133,A,2024-01-05
134,A,2024-01-04
135,B,2024-01-09
136,B,2024-01-04
137,B,2024-01-04
138,B,2024-01-06
139,A,2024-01-11
140,B,2024-01-01
141,B,2024-01-03
142,B,2024-01-14
143,B,2024-01-12
144,B,2024-01-01
145,A,2024-01-02
146,A,2024-01-03
147,B,2024-01-13
148,B,2024-01-16
149,A,2024-01-06
150,A,2024-01-06
151,A,2024-01-05
152,B,2024-01-07
153,A,2024-01-13
154,B,2024-01-05
155,A,2024-01-11
156,B,2024-01-10
157,B,2024-01-09
158,A,2024-01-12
159,B,2024-01-11
160,A,2024-01-10
161,B,2024-01-08
162,B,2024-01-16
163,B,2024-01-15
164,B,2024-01-03
165,B,2024-01-11
166,B,2024-01-07
167,A,2024-01-03
168,B,2024-01-02
169,B,2024-01-07
170,A,2024-01-06
171,A,2024-01-01
172,A,2024-01-14
173,A,2024-01-12
174,B,2024-01-12
175,A,2024-01-12
176,B,2024-01-11
177,B,2024-01-10
178,A,2024-01-13
179,B,2024-01-06
180,B,2024-01-01
181,A,2024-01-16
182,B,2024-01-08
183,A,2024-01-09
184,B,2024-01-12
185,B,2024-01-04
186,B,2024-01-05
187,B,2024-01-10
188,B,2024-01-10
189,B,2024-01-01
190,B,2024-01-15
191,B,2024-01-02
192,A,2024-01-03
193,B,2024-01-16
194,A,2024-01-08
195,B,2024-01-06
196,A,2024-01-04
197,A,2024-01-11
198,B,2024-01-16
199,A,2024-01-16
200,B,2024-01-16
201,A,2024-01-06
202,B,2024-01-07
203,B,2024-01-13
204,A,2024-01-13
205,A,2024-01-15
206,A,2024-01-15
207,B,2024-01-01
208,A,2024-01-08
209,B,2024-01-03
210,A,2024-01-10
211,B,2024-01-04
212,A,2024-01-06
213,A,2024-01-05
214,A,2024-01-11
215,B,2024-01-15
216,B,2024-01-01
217,B,2024-01-02
218,A,2024-01-16
219,B,2024-01-13
220,A,2024-01-09
221,A,2024-01-03
222,B,2024-01-16
223,A,2024-01-09
224,A,2024-01-02
225,B,2024-01-15
226,A,2024-01-05
227,A,2024-01-10
228,A,2024-01-07
229,A,2024-01-05
230,B,2024-01-07
231,A,2024-01-11
232,A,2024-01-06
233,A,2024-01-11
234,A,2024-01-10
235,B,2024-01-13
236,A,2024-01-13
237,A,2024-01-11
238,B,2024-01-09
239,B,2024-01-12
240,A,2024-01-05
241,B,2024-01-02
242,A,2024-01-09
243,A,2024-01-15
244,B,2024-01-12
245,A,2024-01-05
246,B,2024-01-04
247,A,2024-01-11
248,A,2024-01-12
249,B,2024-01-14
250,B,2024-01-07
251,B,2024-01-04
252,B,2024-01-08
253,A,2024-01-01
254,A,2024-01-01
255,B,2024-01-07
256,A,2024-01-08
257,B,2024-01-02
258,A,2024-01-10
259,B,2024-01-06
260,B,2024-01-05
261,B,2024-01-16
262,B,2024-01-15
263,B,2024-01-12
264,B,2024-01-10
265,A,2024-01-12
266,B,2024-01-02
267,B,2024-01-07
268,A,2024-01-05
269,B,2024-01-16
270,A,2024-01-16
271,B,2024-01-10
272,A,2024-01-11
273,A,2024-01-05
274,B,2024-01-08
275,A,2024-01-12
276,B,2024-01-15
277,A,2024-01-11
278,B,2024-01-11
279,A,2024-01-08
280,A,2024-01-15
281,A,2024-01-16
282,B,2024-01-12
283,A,2024-01-08
284,A,2024-01-13
285,B,2024-01-13
286,A,2024-01-02
287,A,2024-01-13
288,B,2024-01-10
289,A,2024-01-09
290,A,2024-01-05
291,A,2024-01-03
292,A,2024-01-07
293,B,2024-01-07
294,B,2024-01-04
295,A,2024-01-01
296,B,2024-01-10
297,B,2024-01-06
298,B,2024-01-16
299,B,2024-01-11
300,A,2024-01-02
301,A,2024-01-14
302,A,2024-01-10
303,B,2024-01-07
304,B,2024-01-05
305,A,2024-01-09
306,A,2024-01-01
307,A,2024-01-16
308,A,2024-01-01
309,A,2024-01-07
310,A,2024-01-09
311,B,2024-01-10
312,B,2024-01-08
313,B,2024-01-09
314,B,2024-01-06
315,B,2024-01-02
316,B,2024-01-09
317,B,2024-01-05
318,B,2024-01-07
319,B,2024-01-16
320,A,2024-01-01
321,B,2024-01-13
322,A,2024-01-16
323,A,2024-01-08
324,B,2024-01-02
325,B,2024-01-04
326,A,2024-01-08
327,B,2024-01-02
328,B,2024-01-16
329,A,2024-01-09
330,B,2024-01-14
331,B,2024-01-02
332,A,2024-01-12
333,A,2024-01-05
334,A,2024-01-15
335,B,2024-01-13
336,B,2024-01-08
337,A,2024-01-14
338,A,2024-01-04
339,B,2024-01-09
340,A,2024-01-06
341,B,2024-01-08
342,A,2024-01-13
343,B,2024-01-08
344,B,2024-01-06
345,B,2024-01-16
346,B,2024-01-10
347,A,2024-01-09
348,B,2024-01-13
349,A,2024-01-07
350,B,2024-01-03
351,A,2024-01-07
352,B,2024-01-04
353,A,2024-01-14
354,B,2024-01-09
355,A,2024-01-01
356,A,2024-01-08
357,B,2024-01-10
358,B,2024-01-10
359,B,2024-01-07
360,B,2024-01-03
361,A,2024-01-05
362,A,2024-01-13
363,A,2024-01-13
364,B,2024-01-03
365,A,2024-01-07
366,B,2024-01-06
367,B,2024-01-09
368,B,2024-01-02
369,B,2024-01-05
370,A,2024-01-06
371,B,2024-01-03
372,B,2024-01-09
373,A,2024-01-06
374,A,2024-01-06
375,B,2024-01-06
376,A,2024-01-12
377,B,2024-01-14
378,B,2024-01-01
379,A,2024-01-02
380,B,2024-01-03
381,B,2024-01-03
382,A,2024-01-02
383,A,2024-01-16
384,A,2024-01-14
385,A,2024-01-03
386,A,2024-01-02
387,A,2024-01-07
388,A,2024-01-12
389,A,2024-01-05
390,A,2024-01-05
391,A,2024-01-03
392,A,2024-01-13
393,B,2024-01-10
394,B,2024-01-05
395,A,2024-01-10
396,B,2024-01-13
397,B,2024-01-01
398,A,2024-01-13
399,B,2024-01-10
400,A,2024-01-09
401,A,2024-01-16
402,B,2024-01-10
403,A,2024-01-14
404,A,2024-01-01
405,B,2024-01-01
406,A,2024-01-13
407,B,2024-01-15
408,A,2024-01-16
409,B,2024-01-03
410,B,2024-01-10
411,A,2024-01-10
412,B,2024-01-05
413,B,2024-01-09
414,B,2024-01-05
415,A,2024-01-14
416,A,2024-01-03
417,B,2024-01-09
418,A,2024-01-15
419,B,2024-01-04
420,A,2024-01-10
421,B,2024-01-08
422,B,2024-01-15
423,B,2024-01-12
424,B,2024-01-08
425,A,2024-01-13
426,B,2024-01-05
427,B,2024-01-06
428,A,2024-01-05
429,A,2024-01-01
430,B,2024-01-15
431,A,2024-01-12
432,B,2024-01-12
433,B,2024-01-04
434,B,2024-01-05
435,A,2024-01-15
436,B,2024-01-01
437,B,2024-01-04
438,A,2024-01-09
439,B,2024-01-12
440,B,2024-01-04
441,A,2024-01-11
442,B,2024-01-07
443,B,2024-01-14
444,B,2024-01-07
445,B,2024-01-03
446,A,2024-01-04
447,B,2024-01-16
448,A,2024-01-06
449,A,2024-01-09
450,B,2024-01-11
451,B,2024-01-15
452,A,2024-01-12
453,A,2024-01-15
454,B,2024-01-09
455,B,2024-01-01
456,B,2024-01-04
457,A,2024-01-12
458,B,2024-01-13
459,B,2024-01-14
460,B,2024-01-09
461,A,2024-01-10
462,B,2024-01-13
463,A,2024-01-02
464,A,2024-01-16
465,B,2024-01-03
466,A,2024-01-14
467,B,2024-01-12
468,A,2024-01-05
469,B,2024-01-15
470,A,2024-01-10
471,A,2024-01-13
472,B,2024-01-05
473,A,2024-01-01
474,A,2024-01-14
475,A,2024-01-11
476,B,2024-01-16
477,B,2024-01-12
478,A,2024-01-08
479,B,2024-01-01
480,A,2024-01-04
481,A,2024-01-16
482,A,2024-01-01
483,A,2024-01-04
484,B,2024-01-09
485,A,2024-01-04
486,A,2024-01-05
487,A,2024-01-01
488,A,2024-01-13
489,B,2024-01-11
490,B,2024-01-02
491,A,2024-01-15
492,A,2024-01-10
493,A,2024-01-03
494,B,2024-01-05
495,B,2024-01-01
496,B,2024-01-15
497,B,2024-01-12
498,A,2024-01-09
499,B,2024-01-02
500,A,2024-01-05
501,A,2024-01-01
502,B,2024-01-15
503,B,2024-01-06
504,A,2024-01-05
505,B,2024-01-15
506,B,2024-01-06
507,A,2024-01-05
508,B,2024-01-16
509,B,2024-01-07
510,A,2024-01-03
511,B,2024-01-07
512,A,2024-01-06
513,A,2024-01-15
514,A,2024-01-16
515,B,2024-01-13
516,B,2024-01-03
517,A,2024-01-16
518,B,2024-01-15
519,B,2024-01-07
520,B,2024-01-15
521,B,2024-01-07
522,B,2024-01-08
523,A,2024-01-01
524,A,2024-01-01
525,B,2024-01-07
526,A,2024-01-15
527,B,2024-01-12
528,B,2024-01-12
529,A,2024-01-08
530,A,2024-01-06
531,A,2024-01-11
532,A,2024-01-09
533,A,2024-01-01
534,A,2024-01-11
535,B,2024-01-04
536,B,2024-01-08
537,B,2024-01-05
538,A,2024-01-03
539,B,2024-01-03
540,B,2024-01-08
541,B,2024-01-13
542,A,2024-01-16
543,B,2024-01-07
544,B,2024-01-06
545,B,2024-01-14
546,B,2024-01-04
547,A,2024-01-13
548,B,2024-01-02
549,A,2024-01-14
550,B,2024-01-05
551,A,2024-01-01
552,B,2024-01-06
553,B,2024-01-16
554,B,2024-01-10
555,A,2024-01-01
556,B,2024-01-15
557,A,2024-01-02
558,A,2024-01-12
559,B,2024-01-10
560,B,2024-01-13
561,B,2024-01-07
562,B,2024-01-02
563,B,2024-01-14
564,B,2024-01-05
565,A,2024-01-11
566,A,2024-01-09
567,B,2024-01-13
568,B,2024-01-14
569,A,2024-01-09
570,A,2024-01-05
571,A,2024-01-07
572,A,2024-01-06
573,A,2024-01-03
574,A,2024-01-07
575,B,2024-01-13
576,A,2024-01-16
577,B,2024-01-05
578,B,2024-01-16
579,B,2024-01-15
580,B,2024-01-11
581,B,2024-01-08
582,B,2024-01-01
583,A,2024-01-05
584,A,2024-01-10
585,B,2024-01-01
586,B,2024-01-05
587,B,2024-01-10
588,A,2024-01-06
589,A,2024-01-02
590,B,2024-01-15
591,A,2024-01-08
592,A,2024-01-01
593,A,2024-01-06
594,A,2024-01-09
595,B,2024-01-14
596,A,2024-01-04
597,B,2024-01-14
598,A,2024-01-15
599,A,2024-01-06
600,A,2024-01-16
601,B,2024-01-14
602,A,2024-01-15
603,B,2024-01-12
604,A,2024-01-15
605,B,2024-01-13
606,B,2024-01-04
607,B,2024-01-12
608,B,2024-01-07
609,A,2024-01-10
610,A,2024-01-02
611,A,2024-01-16
612,B,2024-01-14
613,B,2024-01-15
614,A,2024-01-12
615,B,2024-01-15
616,A,2024-01-10
617,A,2024-01-02
618,B,2024-01-15
619,B,2024-01-01
620,A,2024-01-15
621,A,2024-01-09
622,B,2024-01-10
623,A,2024-01-15
624,A,2024-01-10
625,A,2024-01-03
626,A,2024-01-15
627,A,2024-01-10
628,B,2024-01-11
629,A,2024-01-07
630,A,2024-01-12
631,A,2024-01-07
632,B,2024-01-03
633,A,2024-01-14
634,A,2024-01-11
635,A,2024-01-07
636,B,2024-01-08
637,A,2024-01-13
638,B,2024-01-06
639,B,2024-01-05
640,B,2024-01-09
641,A,2024-01-06
642,B,2024-01-11
643,B,2024-01-13
644,A,2024-01-13
645,B,2024-01-05
646,A,2024-01-09
647,B,2024-01-10
648,B,2024-01-05
649,A,2024-01-05
650,B,2024-01-13
651,B,2024-01-15
652,B,2024-01-07
653,A,2024-01-07
654,B,2024-01-10
655,A,2024-01-07
656,B,2024-01-05
657,A,2024-01-09
658,A,2024-01-07
659,B,2024-01-09
660,B,2024-01-07
661,A,2024-01-12
662,B,2024-01-15
663,A,2024-01-15
664,A,2024-01-01
665,A,2024-01-11
666,B,2024-01-11
667,A,2024-01-01
668,B,2024-01-01
669,A,2024-01-11
670,B,2024-01-06
671,A,2024-01-15
672,B,2024-01-04
673,A,2024-01-06
674,A,2024-01-13
675,B,2024-01-12
676,B,2024-01-02
677,B,2024-01-12
678,A,2024-01-14
679,A,2024-01-01
680,B,2024-01-07
681,B,2024-01-11
682,B,2024-01-04
683,A,2024-01-01
684,B,2024-01-06
685,B,2024-01-03
686,B,2024-01-15
687,B,2024-01-01
688,B,2024-01-07
689,B,2024-01-07
690,B,2024-01-11
691,B,2024-01-08
692,B,2024-01-14
693,A,2024-01-16
694,B,2024-01-09
695,A,2024-01-04
696,A,2024-01-15
697,A,2024-01-05
698,B,2024-01-15
699,A,2024-01-01
700,A,2024-01-16
701,B,2024-01-01
702,A,2024-01-04
703,B,2024-01-11
704,B,2024-01-13
705,B,2024-01-05
706,A,2024-01-03
707,B,2024-01-08
708,A,2024-01-11
709,A,2024-01-10
710,B,2024-01-04
711,B,2024-01-05
712,A,2024-01-04
713,B,2024-01-05
714,B,2024-01-05
715,A,2024-01-05
716,B,2024-01-15
717,A,2024-01-05
718,A,2024-01-09
719,A,2024-01-05
720,A,2024-01-14
721,B,2024-01-15
722,B,2024-01-08
723,B,2024-01-07
724,A,2024-01-01
725,B,2024-01-13
726,A,2024-01-13
727,A,2024-01-02
728,B,2024-01-06
729,B,2024-01-05
730,A,2024-01-07
731,A,2024-01-08
732,A,2024-01-03
733,B,2024-01-02
734,A,2024-01-12
735,A,2024-01-11
736,B,2024-01-01
737,A,2024-01-05
738,A,2024-01-01
739,B,2024-01-01
740,B,2024-01-06
741,B,2024-01-10
742,B,2024-01-12
743,A,2024-01-09
744,B,2024-01-12
745,B,2024-01-07
746,A,2024-01-05
747,B,2024-01-10
748,A,2024-01-13
749,B,2024-01-11
750,B,2024-01-05
751,B,2024-01-03
752,B,2024-01-11
753,B,2024-01-13
754,A,2024-01-11
755,A,2024-01-01
756,B,2024-01-05
757,B,2024-01-04
758,A,2024-01-01
759,B,2024-01-16
760,B,2024-01-04
761,A,2024-01-15
762,A,2024-01-06
763,A,2024-01-01
764,A,2024-01-11
765,A,2024-01-16
766,B,2024-01-13
767,A,2024-01-03
768,B,2024-01-12
769,B,2024-01-07
770,A,2024-01-01
771,A,2024-01-03
772,B,2024-01-02
773,A,2024-01-03
774,B,2024-01-07
775,A,2024-01-03
776,B,2024-01-03
777,A,2024-01-07
778,B,2024-01-08
779,B,2024-01-10
780,B,2024-01-09
781,A,2024-01-07
782,A,2024-01-15
783,B,2024-01-14
784,B,2024-01-15
785,A,2024-01-14
786,B,2024-01-07
787,A,2024-01-01
788,A,2024-01-16
789,B,2024-01-12
790,B,2024-01-09
791,B,2024-01-04
792,A,2024-01-09
793,A,2024-01-10
794,B,2024-01-12
795,B,2024-01-11
796,A,2024-01-01
797,A,2024-01-01
798,A,2024-01-01
799,B,2024-01-01
800,A,2024-01-11
801,B,2024-01-11
802,A,2024-01-16
803,A,2024-01-15
804,A,2024-01-02
805,A,2024-01-14
806,A,2024-01-13
807,B,2024-01-02
808,A,2024-01-03
809,A,2024-01-02
810,A,2024-01-09
811,B,2024-01-15
812,B,2024-01-09
813,B,2024-01-11
814,A,2024-01-09
815,A,2024-01-07
816,A,2024-01-09
817,A,2024-01-07
818,A,2024-01-11
819,A,2024-01-13
820,A,2024-01-11
821,B,2024-01-15
822,B,2024-01-04
823,B,2024-01-06
824,A,2024-01-15
825,A,2024-01-07
826,B,2024-01-15
827,A,2024-01-08
828,A,2024-01-04
829,B,2024-01-03
830,A,2024-01-09
831,A,2024-01-04
832,A,2024-01-06
833,A,2024-01-10
834,A,2024-01-06
835,A,2024-01-10
836,A,2024-01-15
837,A,2024-01-06
838,B,2024-01-16
839,B,2024-01-06
840,A,2024-01-03
841,A,2024-01-07
842,B,2024-01-11
843,B,2024-01-10
844,B,2024-01-03
845,A,2024-01-07
846,A,2024-01-15
847,A,2024-01-16
848,A,2024-01-16
849,A,2024-01-09
850,B,2024-01-04
851,B,2024-01-05
852,B,2024-01-02
853,A,2024-01-09
854,B,2024-01-16
855,B,2024-01-08
856,A,2024-01-10
857,B,2024-01-14
858,A,2024-01-16
859,B,2024-01-08
860,A,2024-01-16
861,A,2024-01-07
862,B,2024-01-08
863,A,2024-01-15
864,A,2024-01-13
865,A,2024-01-12
866,B,2024-01-13
867,B,2024-01-09
868,B,2024-01-12
869,A,2024-01-05
870,A,2024-01-09
871,B,2024-01-12
872,B,2024-01-15
873,A,2024-01-04
874,B,2024-01-15
875,B,2024-01-08
876,A,2024-01-07
877,B,2024-01-02
878,B,2024-01-07
879,B,2024-01-08
880,B,2024-01-15
881,A,2024-01-09
882,A,2024-01-10
883,A,2024-01-07
884,A,2024-01-08
885,A,2024-01-10
886,A,2024-01-14
887,A,2024-01-01
888,B,2024-01-04
889,A,2024-01-14
890,A,2024-01-07
891,B,2024-01-01
892,B,2024-01-06
893,A,2024-01-01
894,B,2024-01-06
895,B,2024-01-15
896,B,2024-01-01
897,A,2024-01-11
898,B,2024-01-02
899,B,2024-01-12
900,B,2024-01-02
901,B,2024-01-14
902,A,2024-01-13
903,B,2024-01-13
904,A,2024-01-15
905,B,2024-01-03
906,A,2024-01-03
907,A,2024-01-12
908,A,2024-01-14
909,B,2024-01-07
910,B,2024-01-13
911,B,2024-01-14
912,B,2024-01-03
913,B,2024-01-01
914,B,2024-01-15
915,A,2024-01-01
916,B,2024-01-05
917,B,2024-01-11
918,A,2024-01-03
919,A,2024-01-01
920,B,2024-01-01
921,B,2024-01-08
922,B,2024-01-02
923,A,2024-01-13
924,B,2024-01-15
925,B,2024-01-15
926,B,2024-01-13
927,B,2024-01-14
928,A,2024-01-09
929,B,2024-01-12
930,B,2024-01-04
931,B,2024-01-05
932,A,2024-01-05
933,A,2024-01-10
934,B,2024-01-07
935,A,2024-01-11
936,A,2024-01-03
937,B,2024-01-02
938,B,2024-01-08
939,A,2024-01-15
940,B,2024-01-11
941,A,2024-01-01
942,A,2024-01-06
943,B,2024-01-01
944,B,2024-01-03
945,B,2024-01-08
946,A,2024-01-07
947,B,2024-01-03
948,B,2024-01-07
949,A,2024-01-04
950,A,2024-01-01
951,A,2024-01-02
952,A,2024-01-08
953,B,2024-01-08
954,A,2024-01-04
955,B,2024-01-08
956,A,2024-01-11
957,A,2024-01-08
958,B,2024-01-10
959,B,2024-01-14
960,B,2024-01-14
961,B,2024-01-09
962,B,2024-01-03
963,B,2024-01-16
964,A,2024-01-16
965,B,2024-01-05
966,B,2024-01-02
967,B,2024-01-01
968,A,2024-01-10
969,B,2024-01-10
970,B,2024-01-13
971,B,2024-01-01
972,B,2024-01-04
973,A,2024-01-16
974,A,2024-01-10
975,A,2024-01-04
976,A,2024-01-09
977,B,2024-01-09
978,A,2024-01-07
979,A,2024-01-16
980,B,2024-01-08
981,B,2024-01-10
982,A,2024-01-16
983,B,2024-01-11
984,A,2024-01-12
985,B,2024-01-05
986,A,2024-01-04
987,A,2024-01-03
988,B,2024-01-05
989,B,2024-01-16
990,A,2024-01-01
991,A,2024-01-04
992,A,2024-01-13
993,A,2024-01-07
994,B,2024-01-12
995,B,2024-01-11
996,A,2024-01-09
997,B,2024-01-11
998,B,2024-01-13
999,A,2024-01-05
1000,A,2024-01-11
1001,B,2024-01-09
1002,A,2024-01-10
1003,A,2024-01-10
1004,B,2024-01-09
1005,A,2024-01-09
1006,A,2024-01-05
1007,B,2024-01-13
1008,A,2024-01-03
1009,A,2024-01-13
1010,B,2024-01-11
1011,B,2024-01-12
1012,B,2024-01-02
1013,B,2024-01-11
1014,A,2024-01-15
1015,A,2024-01-14
1016,B,2024-01-03
1017,A,2024-01-07
1018,B,2024-01-14
1019,A,2024-01-08
1020,A,2024-01-16
1021,A,2024-01-13
1022,A,2024-01-10
1023,A,2024-01-13
1024,A,2024-01-11
1025,B,2024-01-05
1026,A,2024-01-13
1027,A,2024-01-11
1028,A,2024-01-08
1029,A,2024-01-04
1030,B,2024-01-04
1031,A,2024-01-13
1032,B,2024-01-08
1033,B,2024-01-09
1034,A,2024-01-13
1035,B,2024-01-05
1036,A,2024-01-16
1037,B,2024-01-08
1038,A,2024-01-12
1039,A,2024-01-02
1040,A,2024-01-03
1041,B,2024-01-16
1042,B,2024-01-16
1043,B,2024-01-04
1044,A,2024-01-09
1045,B,2024-01-12
1046,B,2024-01-01
1047,A,2024-01-12
1048,B,2024-01-13
1049,B,2024-01-01
1050,A,2024-01-04
1051,A,2024-01-12
1052,B,2024-01-14
1053,A,2024-01-14
1054,A,2024-01-16
1055,B,2024-01-05
1056,B,2024-01-11
1057,B,2024-01-14
1058,B,2024-01-12
1059,B,2024-01-16
1060,A,2024-01-06
1061,B,2024-01-07
1062,B,2024-01-11
1063,A,2024-01-04
1064,B,2024-01-08
1065,A,2024-01-13
1066,B,2024-01-16
1067,B,2024-01-02
1068,A,2024-01-02
1069,A,2024-01-07
1070,A,2024-01-12
1071,A,2024-01-11
1072,A,2024-01-02
1073,A,2024-01-03
1074,B,2024-01-08
1075,B,2024-01-12
1076,B,2024-01-10
1077,A,2024-01-10
1078,A,2024-01-02
1079,B,2024-01-12
1080,A,2024-01-01
1081,B,2024-01-11
1082,B,2024-01-16
1083,B,2024-01-13
1084,A,2024-01-11
1085,A,2024-01-14
1086,A,2024-01-08
1087,A,2024-01-07
1088,A,2024-01-05
1089,A,2024-01-04
1090,A,2024-01-01
1091,B,2024-01-13
1092,A,2024-01-07
1093,A,2024-01-04
1094,B,2024-01-12
1095,A,2024-01-07
1096,B,2024-01-01
1097,B,2024-01-15
1098,A,2024-01-12
1099,B,2024-01-05
1100,B,2024-01-02
1101,B,2024-01-07
1102,A,2024-01-01
1103,B,2024-01-06
1104,A,2024-01-16
1105,A,2024-01-06
1106,B,2024-01-05
1107,B,2024-01-01
1108,B,2024-01-16
1109,B,2024-01-14
1110,A,2024-01-16
1111,A,2024-01-06
1112,B,2024-01-08
1113,A,2024-01-11
1114,A,2024-01-10
1115,A,2024-01-12
1116,A,2024-01-10
1117,A,2024-01-03
1118,B,2024-01-15
1119,A,2024-01-05
1120,A,2024-01-08
1121,B,2024-01-12
1122,A,2024-01-08
1123,B,2024-01-08
1124,A,2024-01-03
1125,B,2024-01-09
1126,B,2024-01-02
1127,B,2024-01-12
1128,A,2024-01-03
1129,A,2024-01-12
1130,A,2024-01-09
1131,A,2024-01-12
1132,B,2024-01-11
1133,B,2024-01-07
1134,A,2024-01-03
1135,A,2024-01-05
1136,A,2024-01-01
1137,B,2024-01-07
1138,B,2024-01-12
1139,A,2024-01-06
1140,A,2024-01-04
1141,A,2024-01-08
1142,A,2024-01-08
1143,B,2024-01-16
1144,A,2024-01-01
1145,A,2024-01-16
1146,A,2024-01-06
1147,A,2024-01-05
1148,A,2024-01-11
1149,A,2024-01-05
1150,B,2024-01-03
1151,A,2024-01-08
1152,A,2024-01-03
1153,A,2024-01-06
1154,B,2024-01-16
1155,B,2024-01-03
1156,A,2024-01-05
1157,A,2024-01-12
1158,B,2024-01-11
1159,B,2024-01-12
1160,B,2024-01-01
1161,A,2024-01-04
1162,B,2024-01-11
1163,A,2024-01-11
1164,A,2024-01-16
1165,B,2024-01-01
1166,A,2024-01-12
1167,B,2024-01-11
1168,B,2024-01-01
1169,B,2024-01-05
1170,B,2024-01-05
1171,A,2024-01-07
1172,A,2024-01-07
1173,B,2024-01-09
1174,B,2024-01-10
1175,A,2024-01-05
1176,B,2024-01-08
1177,B,2024-01-16
1178,A,2024-01-04
1179,A,2024-01-12
1180,A,2024-01-13
1181,B,2024-01-08
1182,A,2024-01-08
1183,A,2024-01-07
1184,A,2024-01-06
1185,A,2024-01-03
1186,B,2024-01-07
1187,B,2024-01-16
1188,B,2024-01-04
1189,A,2024-01-05
1190,B,2024-01-03
1191,A,2024-01-11
1192,A,2024-01-03
1193,B,2024-01-16
1194,B,2024-01-08
1195,A,2024-01-03
1196,B,2024-01-16
1197,B,2024-01-09
1198,B,2024-01-04
1199,A,2024-01-09
1200,A,2024-01-02
1201,B,2024-01-04
1202,A,2024-01-10
1203,A,2024-01-16
1204,A,2024-01-15
1205,B,2024-01-04
1206,A,2024-01-02
1207,A,2024-01-07
1208,B,2024-01-03
1209,A,2024-01-03
1210,A,2024-01-10
1211,B,2024-01-03
1212,B,2024-01-04
1213,B,2024-01-04
1214,A,2024-01-11
1215,A,2024-01-13
1216,B,2024-01-09
1217,B,2024-01-15
1218,B,2024-01-03
1219,A,2024-01-03
1220,A,2024-01-02
1221,B,2024-01-11
1222,B,2024-01-08
1223,B,2024-01-11
1224,B,2024-01-06
1225,A,2024-01-13
1226,B,2024-01-14
1227,B,2024-01-03
1228,A,2024-01-02
1229,A,2024-01-16
1230,B,2024-01-12
1231,A,2024-01-02
1232,A,2024-01-12
1233,A,2024-01-09
1234,A,2024-01-05
1235,B,2024-01-10
1236,B,2024-01-01
1237,B,2024-01-02
1238,A,2024-01-03
1239,B,2024-01-04
1240,B,2024-01-14
1241,A,2024-01-07
1242,A,2024-01-12
1243,A,2024-01-16
1244,B,2024-01-04
1245,A,2024-01-01
1246,B,2024-01-15
1247,A,2024-01-05
1248,A,2024-01-06
1249,B,2024-01-02
1250,B,2024-01-12
1251,B,2024-01-14
1252,A,2024-01-07
1253,A,2024-01-01
1254,A,2024-01-10
1255,B,2024-01-09
1256,A,2024-01-05
1257,B,2024-01-02
1258,A,2024-01-04
1259,A,2024-01-01
1260,A,2024-01-16
1261,B,2024-01-12
1262,A,2024-01-02
1263,B,2024-01-05
1264,B,2024-01-14
1265,B,2024-01-13
1266,B,2024-01-12
1267,A,2024-01-01
1268,A,2024-01-06
1269,B,2024-01-09
1270,B,2024-01-01
1271,A,2024-01-10
1272,A,2024-01-16
1273,A,2024-01-06
1274,A,2024-01-06
1275,B,2024-01-10
1276,B,2024-01-02
1277,B,2024-01-07
1278,B,2024-01-14
1279,B,2024-01-16
1280,B,2024-01-16
1281,B,2024-01-01
1282,A,2024-01-06
1283,A,2024-01-04
1284,B,2024-01-14
1285,B,2024-01-10
1286,A,2024-01-08
1287,A,2024-01-02
1288,A,2024-01-07
1289,B,2024-01-11
1290,A,2024-01-09
1291,B,2024-01-04
1292,A,2024-01-10
1293,A,2024-01-13
1294,A,2024-01-11
1295,B,2024-01-11
1296,B,2024-01-15
1297,B,2024-01-10
1298,A,2024-01-12
1299,A,2024-01-15
1300,B,2024-01-15
1301,A,2024-01-14
1302,B,2024-01-07
1303,B,2024-01-04
1304,B,2024-01-14
1305,B,2024-01-05
1306,A,2024-01-05
1307,A,2024-01-03
1308,B,2024-01-07
1309,A,2024-01-09
1310,A,2024-01-10
1311,A,2024-01-15
1312,A,2024-01-10
1313,A,2024-01-13
1314,A,2024-01-12
1315,A,2024-01-08
1316,B,2024-01-16
1317,B,2024-01-02
1318,A,2024-01-16
1319,A,2024-01-09
1320,B,2024-01-05
1321,B,2024-01-07
1322,A,2024-01-07
1323,B,2024-01-10
1324,B,2024-01-04
1325,A,2024-01-14
1326,A,2024-01-12
1327,A,2024-01-13
1328,B,2024-01-10
1329,A,2024-01-06
1330,B,2024-01-04
1331,A,2024-01-10
1332,A,2024-01-02
1333,A,2024-01-07
1334,A,2024-01-14
1335,A,2024-01-06
1336,B,2024-01-07
1337,A,2024-01-04
1338,B,2024-01-07
1339,A,2024-01-10
1340,B,2024-01-02
1341,A,2024-01-14
1342,A,2024-01-04
1343,A,2024-01-10
1344,B,2024-01-13
1345,A,2024-01-16
1346,A,2024-01-05
1347,B,2024-01-01
1348,B,2024-01-13
1349,B,2024-01-10
1350,A,2024-01-14
1351,A,2024-01-12
1352,A,2024-01-07
1353,A,2024-01-08
1354,B,2024-01-05
1355,A,2024-01-01
1356,B,2024-01-02
1357,A,2024-01-07
1358,B,2024-01-15
1359,B,2024-01-01
1360,A,2024-01-14
1361,A,2024-01-11
1362,B,2024-01-06
1363,A,2024-01-06
1364,A,2024-01-02
1365,B,2024-01-08
1366,B,2024-01-14
1367,A,2024-01-08
1368,A,2024-01-03
1369,A,2024-01-02
1370,A,2024-01-11
1371,B,2024-01-02
1372,A,2024-01-09
1373,A,2024-01-11
1374,B,2024-01-06
1375,B,2024-01-10
1376,B,2024-01-07
1377,A,2024-01-09
1378,B,2024-01-02
1379,A,2024-01-08
1380,B,2024-01-11
1381,B,2024-01-03
1382,B,2024-01-16
1383,A,2024-01-15
1384,B,2024-01-01
1385,A,2024-01-14
1386,A,2024-01-02
1387,B,2024-01-05
1388,B,2024-01-10
1389,A,2024-01-08
1390,A,2024-01-10
1391,B,2024-01-07
1392,B,2024-01-01
1393,B,2024-01-02
1394,A,2024-01-02
1395,B,2024-01-12
1396,A,2024-01-11
1397,B,2024-01-01
1398,B,2024-01-06
1399,B,2024-01-10
1400,B,2024-01-03
1401,B,2024-01-04
1402,A,2024-01-10
1403,A,2024-01-11
1404,B,2024-01-09
1405,A,2024-01-12
1406,B,2024-01-12
1407,A,2024-01-11
1408,B,2024-01-09
1409,A,2024-01-04
1410,B,2024-01-05
1411,A,2024-01-14
1412,A,2024-01-14
1413,A,2024-01-10
1414,B,2024-01-04
1415,A,2024-01-09
1416,B,2024-01-07
1417,A,2024-01-06
1418,A,2024-01-07
1419,A,2024-01-01
1420,B,2024-01-09
1421,A,2024-01-03
1422,A,2024-01-10
1423,B,2024-01-15
1424,B,2024-01-12
1425,B,2024-01-13
1426,B,2024-01-09
1427,A,2024-01-09
1428,A,2024-01-04
1429,B,2024-01-04
1430,B,2024-01-04
1431,A,2024-01-03
1432,B,2024-01-12
1433,A,2024-01-03
1434,A,2024-01-04
1435,A,2024-01-12
1436,A,2024-01-09
1437,B,2024-01-08
1438,B,2024-01-09
1439,A,2024-01-01
1440,A,2024-01-03
1441,A,2024-01-04
1442,A,2024-01-11
1443,A,2024-01-12
1444,B,2024-01-05
1445,A,2024-01-08
1446,B,2024-01-04
1447,A,2024-01-04
1448,B,2024-01-14
1449,A,2024-01-14
1450,A,2024-01-07
1451,B,2024-01-02
1452,A,2024-01-09
1453,B,2024-01-16
1454,A,2024-01-11
1455,B,2024-01-10
1456,B,2024-01-01
1457,B,2024-01-04
1458,B,2024-01-07
1459,A,2024-01-02
1460,B,2024-01-06
1461,A,2024-01-01
1462,A,2024-01-06
1463,B,2024-01-01
1464,A,2024-01-04
1465,B,2024-01-12
1466,A,2024-01-11
1467,B,2024-01-09
1468,B,2024-01-09
1469,A,2024-01-13
1470,B,2024-01-05
1471,A,2024-01-13
1472,B,2024-01-04
1473,B,2024-01-11
1474,B,2024-01-07
1475,B,2024-01-05
1476,B,2024-01-06
1477,A,2024-01-07
1478,A,2024-01-16
1479,B,2024-01-08
1480,A,2024-01-11
1481,A,2024-01-16
1482,A,2024-01-10
1483,B,2024-01-09
1484,A,2024-01-13
1485,A,2024-01-08
1486,A,2024-01-05
1487,A,2024-01-11
1488,A,2024-01-02
1489,B,2024-01-11
1490,A,2024-01-05
1491,B,2024-01-14
1492,B,2024-01-08
1493,B,2024-01-02
1494,B,2024-01-02
1495,B,2024-01-08
1496,A,2024-01-02
1497,B,2024-01-08
1498,A,2024-01-11
1499,A,2024-01-11
1500,B,2024-01-06
1501,A,2024-01-12
1502,B,2024-01-08
1503,B,2024-01-03
1504,B,2024-01-15
1505,B,2024-01-03
1506,B,2024-01-10
1507,A,2024-01-11
1508,B,2024-01-14
1509,A,2024-01-01
1510,A,2024-01-01
1511,A,2024-01-07
1512,B,2024-01-16
1513,A,2024-01-01
1514,A,2024-01-08
1515,A,2024-01-02
1516,A,2024-01-09
1517,A,2024-01-16
1518,A,2024-01-03
1519,B,2024-01-06
1520,B,2024-01-15
1521,B,2024-01-05
1522,A,2024-01-13
1523,A,2024-01-08
1524,A,2024-01-06
1525,A,2024-01-09
1526,A,2024-01-14
1527,B,2024-01-10
1528,B,2024-01-03
1529,B,2024-01-04
1530,B,2024-01-07
1531,B,2024-01-16
1532,A,2024-01-04
1533,B,2024-01-09
1534,B,2024-01-07
1535,A,2024-01-10
1536,B,2024-01-01
1537,A,2024-01-06
1538,B,2024-01-10
1539,B,2024-01-03
1540,B,2024-01-10
1541,A,2024-01-01
1542,A,2024-01-06
1543,A,2024-01-15
1544,A,2024-01-10
1545,A,2024-01-10
1546,A,2024-01-06
1547,A,2024-01-15
1548,A,2024-01-10
1549,B,2024-01-11
1550,A,2024-01-07
1551,B,2024-01-08
1552,B,2024-01-14
1553,B,2024-01-15
1554,B,2024-01-14
1555,A,2024-01-07
1556,A,2024-01-08
1557,A,2024-01-09
1558,A,2024-01-16
1559,B,2024-01-06
1560,A,2024-01-01
1561,A,2024-01-14
1562,A,2024-01-07
1563,A,2024-01-08
1564,A,2024-01-16
1565,A,2024-01-08
1566,B,2024-01-04
1567,B,2024-01-14
1568,B,2024-01-13
1569,A,2024-01-12
1570,B,2024-01-12
1571,A,2024-01-02
1572,B,2024-01-08
1573,A,2024-01-14
1574,B,2024-01-01
1575,B,2024-01-04
1576,A,2024-01-13
1577,B,2024-01-01
1578,A,2024-01-16
1579,A,2024-01-11
1580,A,2024-01-06
1581,A,2024-01-06
1582,A,2024-01-11
1583,B,2024-01-07
1584,A,2024-01-02
1585,A,2024-01-15
1586,B,2024-01-10
1587,A,2024-01-11
1588,B,2024-01-06
1589,B,2024-01-16
1590,A,2024-01-02
1591,A,2024-01-02
1592,A,2024-01-15
1593,B,2024-01-09
1594,A,2024-01-15
1595,B,2024-01-07
1596,A,2024-01-04
1597,B,2024-01-12
1598,B,2024-01-10
1599,B,2024-01-14
1600,A,2024-01-11
1601,A,2024-01-13
1602,B,2024-01-07
1603,A,2024-01-04
1604,A,2024-01-06
1605,B,2024-01-01
1606,A,2024-01-08
1607,A,2024-01-03
1608,A,2024-01-06
1609,A,2024-01-13
1610,B,2024-01-06
1611,A,2024-01-06
1612,A,2024-01-10
1613,A,2024-01-03
1614,A,2024-01-14
1615,A,2024-01-04
1616,A,2024-01-10
1617,A,2024-01-07
1618,A,2024-01-09
1619,A,2024-01-16
1620,B,2024-01-11
1621,B,2024-01-16
1622,A,2024-01-15
1623,B,2024-01-07
1624,B,2024-01-16
1625,A,2024-01-16
1626,A,2024-01-01
1627,B,2024-01-15
1628,B,2024-01-11
1629,B,2024-01-01
1630,A,2024-01-10
1631,B,2024-01-12
1632,B,2024-01-06
1633,B,2024-01-05
1634,B,2024-01-06
1635,A,2024-01-13
1636,B,2024-01-01
1637,A,2024-01-16
1638,B,2024-01-03
1639,B,2024-01-06
1640,A,2024-01-07
1641,B,2024-01-05
1642,A,2024-01-14
1643,A,2024-01-10
1644,A,2024-01-13
1645,A,2024-01-02
1646,B,2024-01-10
1647,B,2024-01-03
1648,A,2024-01-06
1649,A,2024-01-16
1650,B,2024-01-14
1651,A,2024-01-02
1652,A,2024-01-07
1653,B,2024-01-12
1654,A,2024-01-14
1655,A,2024-01-02
1656,B,2024-01-06
1657,A,2024-01-08
1658,A,2024-01-16
1659,A,2024-01-06
1660,B,2024-01-14
1661,A,2024-01-03
1662,B,2024-01-11
1663,A,2024-01-16
1664,B,2024-01-12
1665,B,2024-01-14
1666,A,2024-01-14
1667,A,2024-01-08
1668,A,2024-01-05
1669,A,2024-01-03
1670,B,2024-01-12
1671,A,2024-01-03
1672,B,2024-01-14
1673,A,2024-01-14
1674,B,2024-01-13
1675,B,2024-01-12
1676,A,2024-01-04
1677,B,2024-01-14
1678,A,2024-01-06
1679,A,2024-01-01
1680,B,2024-01-10
1681,B,2024-01-12
1682,B,2024-01-08
1683,B,2024-01-10
1684,B,2024-01-09
1685,A,2024-01-07
1686,A,2024-01-07
1687,B,2024-01-03
1688,B,2024-01-09
1689,B,2024-01-15
1690,A,2024-01-07
1691,B,2024-01-07
1692,B,2024-01-15
1693,A,2024-01-08
1694,B,2024-01-08
1695,A,2024-01-05
1696,B,2024-01-12
1697,B,2024-01-11
1698,B,2024-01-16
1699,B,2024-01-11
1700,B,2024-01-02
1701,B,2024-01-02
1702,A,2024-01-12
1703,A,2024-01-12
1704,B,2024-01-05
1705,A,2024-01-13
1706,B,2024-01-07
1707,A,2024-01-13
1708,B,2024-01-01
1709,B,2024-01-03
1710,A,2024-01-04
1711,A,2024-01-10
1712,B,2024-01-08
1713,B,2024-01-10
1714,A,2024-01-14
1715,A,2024-01-15
1716,A,2024-01-06
1717,A,2024-01-13
1718,A,2024-01-08
1719,B,2024-01-05
1720,A,2024-01-04
1721,B,2024-01-04
1722,A,2024-01-12
1723,A,2024-01-03
1724,B,2024-01-15
1725,A,2024-01-11
1726,B,2024-01-02
1727,B,2024-01-02
1728,A,2024-01-11
1729,A,2024-01-15
1730,B,2024-01-15
1731,A,2024-01-13
1732,B,2024-01-07
1733,B,2024-01-05
1734,B,2024-01-02
1735,A,2024-01-03
1736,A,2024-01-13
1737,A,2024-01-11
1738,B,2024-01-15
1739,B,2024-01-16
1740,B,2024-01-13
1741,B,2024-01-10
1742,A,2024-01-02
1743,A,2024-01-11
1744,A,2024-01-11
1745,B,2024-01-08
1746,A,2024-01-09
1747,B,2024-01-14
1748,B,2024-01-02
1749,A,2024-01-16
1750,B,2024-01-05
1751,B,2024-01-15
1752,A,2024-01-03
1753,A,2024-01-16
1754,B,2024-01-11
1755,B,2024-01-16
1756,A,2024-01-14
1757,B,2024-01-10
1758,B,2024-01-01
1759,B,2024-01-09
1760,A,2024-01-10
1761,B,2024-01-11
1762,A,2024-01-04
1763,B,2024-01-10
1764,B,2024-01-12
1765,B,2024-01-13
1766,A,2024-01-13
1767,B,2024-01-02
1768,A,2024-01-05
1769,A,2024-01-10
1770,A,2024-01-12
1771,A,2024-01-14
1772,B,2024-01-14
1773,A,2024-01-07
1774,B,2024-01-13
1775,A,2024-01-15
1776,B,2024-01-08
1777,A,2024-01-16
1778,B,2024-01-02
1779,B,2024-01-15
1780,B,2024-01-02
1781,A,2024-01-07
1782,A,2024-01-01
1783,B,2024-01-04
1784,A,2024-01-12
1785,A,2024-01-05
1786,B,2024-01-16
1787,A,2024-01-04
1788,B,2024-01-14
1789,A,2024-01-08
1790,B,2024-01-16
1791,B,2024-01-12
1792,B,2024-01-03
1793,A,2024-01-13
1794,B,2024-01-15
1795,B,2024-01-07
1796,B,2024-01-12
1797,A,2024-01-08
1798,A,2024-01-04
1799,A,2024-01-10
1800,A,2024-01-02
1801,B,2024-01-10
1802,B,2024-01-11
1803,A,2024-01-03
1804,B,2024-01-12
1805,A,2024-01-15
1806,A,2024-01-10
1807,A,2024-01-10
1808,A,2024-01-04
1809,A,2024-01-06
1810,B,2024-01-11
1811,B,2024-01-02
1812,B,2024-01-07
1813,A,2024-01-13
1814,A,2024-01-16
1815,A,2024-01-14
1816,B,2024-01-15
1817,B,2024-01-10
1818,B,2024-01-10
1819,A,2024-01-01
1820,B,2024-01-09
1821,B,2024-01-14
1822,A,2024-01-10
1823,A,2024-01-13
1824,B,2024-01-10
1825,B,2024-01-02
1826,B,2024-01-04
1827,B,2024-01-05
1828,B,2024-01-06
1829,A,2024-01-14
1830,B,2024-01-02
1831,B,2024-01-03
1832,A,2024-01-01
1833,B,2024-01-05
1834,A,2024-01-02
1835,A,2024-01-07
1836,A,2024-01-06
1837,B,2024-01-02
1838,A,2024-01-05
1839,B,2024-01-09
1840,B,2024-01-05
1841,A,2024-01-02
1842,B,2024-01-03
1843,B,2024-01-15
1844,B,2024-01-09
1845,B,2024-01-10
1846,B,2024-01-09
1847,A,2024-01-16
1848,A,2024-01-03
1849,B,2024-01-05
1850,A,2024-01-10
1851,B,2024-01-13
1852,B,2024-01-03
1853,A,2024-01-06
1854,A,2024-01-08
1855,A,2024-01-09
1856,B,2024-01-04
1857,B,2024-01-09
1858,A,2024-01-15
1859,B,2024-01-16
1860,B,2024-01-02
1861,B,2024-01-15
1862,B,2024-01-01
1863,B,2024-01-02
1864,B,2024-01-10
1865,A,2024-01-11
1866,B,2024-01-15
1867,B,2024-01-04
1868,A,2024-01-05
1869,B,2024-01-06
1870,A,2024-01-11
1871,B,2024-01-06
1872,A,2024-01-15
1873,A,2024-01-04
1874,A,2024-01-15
1875,B,2024-01-06
1876,A,2024-01-11
1877,A,2024-01-15
1878,A,2024-01-11
1879,A,2024-01-12
1880,A,2024-01-03
1881,B,2024-01-16
1882,B,2024-01-03
1883,A,2024-01-16
1884,A,2024-01-06
1885,B,2024-01-04
1886,A,2024-01-14
1887,A,2024-01-16
1888,A,2024-01-02
1889,A,2024-01-04
1890,A,2024-01-04
1891,B,2024-01-12
1892,B,2024-01-01
1893,A,2024-01-12
1894,A,2024-01-10
1895,A,2024-01-07
1896,A,2024-01-04
1897,A,2024-01-03
1898,B,2024-01-13
1899,A,2024-01-09
1900,A,2024-01-03
1901,B,2024-01-04
1902,A,2024-01-09
1903,B,2024-01-11
1904,B,2024-01-09
1905,B,2024-01-16
1906,B,2024-01-09
1907,B,2024-01-15
1908,B,2024-01-05
1909,B,2024-01-09
1910,B,2024-01-02
1911,B,2024-01-10
1912,A,2024-01-15
1913,A,2024-01-11
1914,A,2024-01-02
1915,A,2024-01-10
1916,B,2024-01-12
1917,B,2024-01-08
1918,B,2024-01-01
1919,B,2024-01-12
1920,B,2024-01-03
1921,A,2024-01-01
1922,A,2024-01-11
1923,A,2024-01-15
1924,B,2024-01-01
1925,A,2024-01-03
1926,B,2024-01-06
1927,B,2024-01-16
1928,B,2024-01-01
1929,B,2024-01-13
1930,B,2024-01-14
1931,A,2024-01-03
1932,A,2024-01-12
1933,B,2024-01-02
1934,B,2024-01-12
1935,B,2024-01-09
1936,B,2024-01-01
1937,A,2024-01-12
1938,A,2024-01-05
1939,B,2024-01-11
1940,A,2024-01-15
1941,B,2024-01-14
1942,A,2024-01-08
1943,A,2024-01-04
1944,A,2024-01-02
1945,A,2024-01-12
1946,A,2024-01-10
1947,A,2024-01-01
1948,B,2024-01-05
1949,B,2024-01-03
1950,B,2024-01-11
1951,A,2024-01-13
1952,A,2024-01-04
1953,A,2024-01-06
1954,B,2024-01-13
1955,A,2024-01-01
1956,B,2024-01-16
1957,A,2024-01-08
1958,A,2024-01-06
1959,A,2024-01-13
1960,B,2024-01-08
1961,A,2024-01-06
1962,B,2024-01-04
1963,B,2024-01-04
1964,A,2024-01-14
1965,B,2024-01-07
1966,A,2024-01-11
1967,A,2024-01-09
1968,B,2024-01-07
1969,A,2024-01-09
1970,A,2024-01-11
1971,B,2024-01-04
1972,B,2024-01-03
1973,A,2024-01-08
1974,B,2024-01-08
1975,B,2024-01-12
1976,B,2024-01-07
1977,A,2024-01-13
1978,B,2024-01-11
1979,B,2024-01-05
1980,B,2024-01-07
1981,A,2024-01-10
1982,A,2024-01-10
1983,A,2024-01-11
1984,A,2024-01-03
1985,B,2024-01-02
1986,A,2024-01-03
1987,B,2024-01-01
1988,B,2024-01-04
1989,B,2024-01-16
1990,A,2024-01-14
1991,A,2024-01-14
1992,B,2024-01-12
1993,B,2024-01-08
1994,A,2024-01-05
1995,A,2024-01-11
1996,B,2024-01-06
1997,A,2024-01-09
1998,B,2024-01-03
1999,B,2024-01-10
2000,B,2024-01-07
2001,B,2024-01-09
2002,A,2024-01-04
2003,B,2024-01-08
2004,B,2024-01-06
2005,A,2024-01-10
2006,A,2024-01-11
2007,B,2024-01-07
2008,B,2024-01-09
2009,B,2024-01-15
2010,A,2024-01-03
2011,B,2024-01-08
2012,A,2024-01-10
2013,B,2024-01-03
2014,A,2024-01-08
2015,B,2024-01-01
2016,A,2024-01-09
2017,B,2024-01-01
2018,B,2024-01-10
2019,B,2024-01-05
2020,B,2024-01-02
2021,B,2024-01-10
2022,A,2024-01-12
2023,A,2024-01-12
2024,B,2024-01-01
2025,B,2024-01-09
2026,A,2024-01-08
2027,A,2024-01-10
2028,B,2024-01-04
2029,A,2024-01-14
2030,A,2024-01-10
2031,B,2024-01-05
2032,B,2024-01-11
2033,A,2024-01-05
2034,B,2024-01-12
2035,A,2024-01-02
2036,B,2024-01-13
2037,A,2024-01-04
2038,A,2024-01-10
2039,B,2024-01-08
2040,A,2024-01-02
2041,B,2024-01-06
2042,B,2024-01-02
2043,A,2024-01-12
2044,A,2024-01-10
2045,A,2024-01-08
2046,B,2024-01-02
2047,B,2024-01-03
2048,B,2024-01-08
2049,A,2024-01-01
2050,B,2024-01-03
2051,B,2024-01-01
2052,B,2024-01-10
2053,B,2024-01-06
2054,A,2024-01-08
2055,B,2024-01-09
2056,A,2024-01-07
2057,A,2024-01-10
2058,A,2024-01-01
2059,B,2024-01-08
2060,B,2024-01-13
2061,B,2024-01-10
2062,A,2024-01-10
2063,B,2024-01-08
2064,A,2024-01-07
2065,A,2024-01-09
2066,B,2024-01-03
2067,B,2024-01-15
2068,A,2024-01-09
2069,A,2024-01-06
2070,B,2024-01-12
2071,B,2024-01-15
2072,B,2024-01-07
2073,B,2024-01-06
2074,A,2024-01-11
2075,A,2024-01-09
2076,A,2024-01-01
2077,B,2024-01-11
2078,B,2024-01-11
2079,B,2024-01-11
2080,B,2024-01-13
2081,A,2024-01-06
2082,A,2024-01-03
2083,B,2024-01-10
2084,B,2024-01-11
2085,A,2024-01-01
2086,A,2024-01-12
2087,B,2024-01-13
2088,B,2024-01-11
2089,B,2024-01-06
2090,B,2024-01-11
2091,B,2024-01-06
2092,B,2024-01-12
2093,B,2024-01-01
2094,A,2024-01-16
2095,A,2024-01-01
2096,B,2024-01-04
2097,B,2024-01-09
2098,B,2024-01-14
2099,B,2024-01-09
2100,A,2024-01-08
2101,A,2024-01-10
2102,B,2024-01-06
2103,A,2024-01-03
2104,B,2024-01-15
2105,B,2024-01-09
2106,B,2024-01-05
2107,B,2024-01-03
2108,B,2024-01-08
2109,A,2024-01-06
2110,B,2024-01-14
2111,A,2024-01-04
2112,A,2024-01-07
2113,A,2024-01-14
2114,B,2024-01-03
2115,A,2024-01-03
2116,B,2024-01-02
2117,B,2024-01-02
2118,A,2024-01-14
2119,B,2024-01-06
2120,B,2024-01-02
2121,B,2024-01-12
2122,B,2024-01-03
2123,B,2024-01-06
2124,B,2024-01-14
2125,A,2024-01-14
2126,B,2024-01-05
2127,A,2024-01-05
2128,B,2024-01-11
2129,B,2024-01-02
2130,A,2024-01-05
2131,B,2024-01-09
2132,B,2024-01-04
2133,A,2024-01-08
2134,B,2024-01-09
2135,A,2024-01-07
2136,A,2024-01-11
2137,B,2024-01-11
2138,B,2024-01-12
2139,A,2024-01-16
2140,A,2024-01-06
2141,B,2024-01-01
2142,B,2024-01-01
2143,A,2024-01-06
2144,B,2024-01-01
2145,B,2024-01-12
2146,A,2024-01-04
2147,B,2024-01-04
2148,B,2024-01-10
2149,B,2024-01-13
2150,B,2024-01-02
2151,A,2024-01-07
2152,A,2024-01-16
2153,B,2024-01-09
2154,A,2024-01-09
2155,A,2024-01-16
2156,A,2024-01-10
2157,A,2024-01-06
2158,A,2024-01-10
2159,B,2024-01-06
2160,A,2024-01-04
2161,B,2024-01-10
2162,B,2024-01-07
2163,B,2024-01-15
2164,B,2024-01-08
2165,A,2024-01-14
2166,A,2024-01-02
2167,A,2024-01-04
2168,B,2024-01-12
2169,A,2024-01-15
2170,A,2024-01-04
2171,B,2024-01-02
2172,B,2024-01-02
2173,B,2024-01-06
2174,A,2024-01-15
2175,B,2024-01-04
2176,A,2024-01-10
2177,B,2024-01-12
2178,B,2024-01-13
2179,A,2024-01-09
2180,A,2024-01-05
2181,A,2024-01-11
2182,A,2024-01-09
2183,B,2024-01-08
2184,B,2024-01-03
2185,B,2024-01-05
2186,A,2024-01-12
2187,B,2024-01-07
2188,B,2024-01-14
2189,A,2024-01-01
2190,B,2024-01-11
2191,A,2024-01-08
2192,B,2024-01-09
2193,B,2024-01-07
2194,A,2024-01-04
2195,B,2024-01-10
2196,B,2024-01-11
2197,B,2024-01-07
2198,A,2024-01-10
2199,B,2024-01-10
2200,B,2024-01-11
2201,B,2024-01-03
2202,A,2024-01-07
2203,A,2024-01-12
2204,B,2024-01-09
2205,A,2024-01-10
2206,B,2024-01-01
2207,B,2024-01-07
2208,B,2024-01-13
2209,A,2024-01-16
2210,A,2024-01-13
2211,B,2024-01-03
2212,A,2024-01-13
2213,B,2024-01-08
2214,B,2024-01-10
2215,B,2024-01-13
2216,B,2024-01-10
2217,B,2024-01-09
2218,A,2024-01-14
2219,B,2024-01-07
2220,A,2024-01-09
2221,B,2024-01-05
2222,B,2024-01-10
2223,B,2024-01-11
2224,B,2024-01-15
2225,B,2024-01-13
2226,B,2024-01-11
2227,B,2024-01-07
2228,B,2024-01-12
2229,A,2024-01-11
2230,A,2024-01-15
2231,A,2024-01-03
2232,A,2024-01-05
2233,B,2024-01-16
2234,B,2024-01-09
2235,B,2024-01-16
2236,A,2024-01-10
2237,B,2024-01-09
2238,A,2024-01-14
2239,A,2024-01-11
2240,A,2024-01-05
2241,B,2024-01-08
2242,B,2024-01-07
2243,A,2024-01-15
2244,A,2024-01-13
2245,B,2024-01-02
2246,B,2024-01-07
2247,A,2024-01-09
2248,A,2024-01-15
2249,B,2024-01-06
2250,A,2024-01-01
2251,B,2024-01-03
2252,A,2024-01-15
2253,B,2024-01-10
2254,A,2024-01-01
2255,B,2024-01-10
2256,B,2024-01-05
2257,A,2024-01-10
2258,A,2024-01-16
2259,A,2024-01-03
2260,B,2024-01-07
2261,A,2024-01-06
2262,B,2024-01-05
2263,A,2024-01-11
2264,B,2024-01-08
2265,B,2024-01-09
2266,B,2024-01-12
2267,A,2024-01-04
2268,A,2024-01-12
2269,A,2024-01-01
2270,B,2024-01-10
2271,A,2024-01-09
2272,A,2024-01-13
2273,A,2024-01-07
2274,A,2024-01-09
2275,A,2024-01-06
2276,A,2024-01-07
2277,B,2024-01-05
2278,B,2024-01-10
2279,B,2024-01-06
2280,B,2024-01-07
2281,B,2024-01-12
2282,A,2024-01-10
2283,A,2024-01-15
2284,A,2024-01-07
2285,A,2024-01-11
2286,A,2024-01-14
2287,A,2024-01-14
2288,A,2024-01-14
2289,A,2024-01-08
2290,B,2024-01-05
2291,B,2024-01-12
2292,A,2024-01-01
2293,B,2024-01-12
2294,A,2024-01-13
2295,B,2024-01-09
2296,B,2024-01-14
2297,A,2024-01-05
2298,A,2024-01-16
2299,A,2024-01-05
2300,B,2024-01-08
2301,A,2024-01-13
2302,B,2024-01-11
2303,B,2024-01-08
2304,B,2024-01-04
2305,B,2024-01-04
2306,A,2024-01-15
2307,B,2024-01-03
2308,A,2024-01-07
2309,A,2024-01-01
2310,B,2024-01-06
2311,A,2024-01-06
2312,A,2024-01-08
2313,B,2024-01-05
2314,B,2024-01-02
2315,A,2024-01-08
2316,A,2024-01-13
2317,B,2024-01-09
2318,A,2024-01-01
2319,A,2024-01-11
2320,A,2024-01-14
2321,B,2024-01-14
2322,A,2024-01-04
2323,B,2024-01-10
2324,B,2024-01-02
2325,B,2024-01-04
2326,A,2024-01-10
2327,B,2024-01-11
2328,B,2024-01-14
2329,B,2024-01-12
2330,A,2024-01-13
2331,A,2024-01-04
2332,B,2024-01-14
2333,B,2024-01-05
2334,B,2024-01-10
2335,A,2024-01-05
2336,B,2024-01-10
2337,A,2024-01-05
2338,A,2024-01-13
2339,B,2024-01-09
2340,B,2024-01-09
2341,B,2024-01-16
2342,B,2024-01-06
2343,B,2024-01-02
2344,A,2024-01-14
2345,B,2024-01-13
2346,A,2024-01-15
2347,B,2024-01-12
2348,B,2024-01-09
2349,A,2024-01-15
2350,B,2024-01-15
2351,B,2024-01-05
2352,A,2024-01-16
2353,B,2024-01-16
2354,B,2024-01-10
2355,A,2024-01-15
2356,B,2024-01-13
2357,A,2024-01-01
2358,A,2024-01-09
2359,A,2024-01-01
2360,A,2024-01-13
2361,A,2024-01-10
2362,B,2024-01-03
2363,A,2024-01-03
2364,A,2024-01-11
2365,B,2024-01-03
2366,B,2024-01-01
2367,B,2024-01-14
2368,A,2024-01-12
2369,B,2024-01-16
2370,B,2024-01-03
2371,B,2024-01-15
2372,A,2024-01-12
2373,B,2024-01-01
2374,B,2024-01-03
2375,B,2024-01-08
2376,B,2024-01-11
2377,B,2024-01-03
2378,B,2024-01-16
2379,A,2024-01-05
2380,B,2024-01-14
2381,B,2024-01-14
2382,B,2024-01-04
2383,A,2024-01-08
2384,B,2024-01-16
2385,A,2024-01-02
2386,A,2024-01-09
2387,B,2024-01-15
2388,B,2024-01-10
2389,B,2024-01-15
2390,A,2024-01-10
2391,A,2024-01-13
2392,A,2024-01-09
2393,B,2024-01-06
2394,B,2024-01-04
2395,A,2024-01-03
2396,A,2024-01-11
2397,B,2024-01-06
2398,A,2024-01-14
2399,A,2024-01-11
2400,B,2024-01-11
2401,A,2024-01-05
2402,B,2024-01-13
2403,B,2024-01-04
2404,B,2024-01-03
2405,A,2024-01-09
2406,A,2024-01-14
2407,B,2024-01-14
2408,A,2024-01-10
2409,B,2024-01-05
2410,B,2024-01-04
2411,A,2024-01-14
2412,B,2024-01-15
2413,A,2024-01-13
2414,B,2024-01-07
2415,B,2024-01-12
2416,A,2024-01-03
2417,B,2024-01-01
2418,B,2024-01-01
2419,B,2024-01-07
2420,B,2024-01-01
2421,B,2024-01-14
2422,A,2024-01-07
2423,B,2024-01-10
2424,B,2024-01-10
2425,B,2024-01-16
2426,A,2024-01-04
2427,A,2024-01-03
2428,B,2024-01-09
2429,A,2024-01-08
2430,B,2024-01-06
2431,A,2024-01-01
2432,A,2024-01-03
2433,A,2024-01-08
2434,B,2024-01-16
2435,B,2024-01-12
2436,B,2024-01-12
2437,B,2024-01-12
2438,A,2024-01-06
2439,A,2024-01-07
2440,B,2024-01-11
2441,A,2024-01-03
2442,A,2024-01-09
2443,B,2024-01-13
2444,A,2024-01-03
2445,B,2024-01-08
2446,A,2024-01-02
2447,A,2024-01-04
2448,B,2024-01-14
2449,A,2024-01-10
2450,A,2024-01-05
2451,B,2024-01-04
2452,A,2024-01-08
2453,B,2024-01-02
2454,A,2024-01-14
2455,B,2024-01-09
2456,B,2024-01-07
2457,B,2024-01-07
2458,A,2024-01-14
2459,B,2024-01-07
2460,B,2024-01-03
2461,B,2024-01-14
2462,A,2024-01-05
2463,A,2024-01-03
2464,A,2024-01-11
2465,A,2024-01-09
2466,A,2024-01-16
2467,B,2024-01-02
2468,A,2024-01-10
2469,A,2024-01-03
2470,A,2024-01-02
2471,B,2024-01-12
2472,A,2024-01-11
2473,B,2024-01-12
2474,A,2024-01-02
2475,A,2024-01-05
2476,B,2024-01-08
2477,B,2024-01-10
2478,A,2024-01-02
2479,A,2024-01-02
2480,A,2024-01-09
2481,A,2024-01-04
2482,B,2024-01-13
2483,A,2024-01-13
2484,A,2024-01-02
2485,B,2024-01-10
2486,A,2024-01-04
2487,B,2024-01-15
2488,A,2024-01-15
2489,B,2024-01-13
2490,B,2024-01-14
2491,B,2024-01-08
2492,B,2024-01-13
2493,A,2024-01-07
2494,A,2024-01-08
2495,B,2024-01-03
2496,B,2024-01-01
2497,A,2024-01-01
2498,B,2024-01-11
2499,B,2024-01-11
2500,B,2024-01-08
