customer_id,signup_date,acquisition_channel,city,segment
1,2022-11-29,partner,Taipei,growth
2,2024-11-11,organic,Tainan,growth
3,2025-08-17,social,Hsinchu,vip
4,2025-06-09,organic,Taipei,growth
5,2024-07-23,referral,Taichung,new
6,2024-11-27,partner,Taoyuan,vip
7,2024-07-29,organic,Taoyuan,new
8,2023-10-22,social,Taichung,new
9,2023-04-18,social,Kaohsiung,vip
10,2023-07-01,organic,Hsinchu,growth
11,2024-08-27,referral,Taichung,growth
12,2024-11-14,ads,Taipei,new
13,2024-04-06,partner,Taipei,growth
14,2023-08-14,ads,Hsinchu,new
15,2024-06-11,referral,Tainan,new
16,2023-04-15,ads,Kaohsiung,new
17,2023-09-12,referral,Taipei,growth
18,2023-02-27,ads,Taichung,growth
19,2024-07-29,ads,Taoyuan,vip
20,2023-08-26,ads,Kaohsiung,new
21,2024-09-21,referral,Kaohsiung,growth
22,2024-03-03,referral,Tainan,growth
23,2024-05-22,social,Kaohsiung,new
24,2024-09-11,partner,Taipei,new
25,2025-07-19,partner,Tainan,new
26,2025-05-07,partner,Hsinchu,growth
27,2025-01-17,social,Taipei,growth
28,2023-02-08,ads,Hsinchu,growth
29,2025-10-01,partner,Hsinchu,new
30,2023-04-05,ads,Hsinchu,new
31,2024-04-22,organic,Kaohsiung,new
32,2023-03-08,ads,Kaohsiung,new
33,2024-08-06,social,Taipei,new
34,2022-11-29,organic,Kaohsiung,growth
35,2024-07-04,partner,Kaohsiung,new
36,2023-07-18,social,Kaohsiung,new
37,2023-05-05,organic,Tainan,vip
38,2024-12-14,ads,Tainan,new
39,2022-12-09,partner,Hsinchu,growth
40,2024-03-12,organic,Tainan,new
41,2023-04-02,social,Kaohsiung,new
42,2023-11-04,ads,Taichung,vip
43,2024-08-12,referral,Tainan,new
44,2023-10-03,referral,Taichung,new
45,2025-03-10,ads,Taoyuan,new
46,2023-08-07,referral,Kaohsiung,new
47,2023-11-22,social,Kaohsiung,vip
48,2024-05-28,partner,Taichung,new
49,2025-11-24,referral,Tainan,new
50,2023-07-29,referral,Taoyuan,growth
51,2025-03-21,organic,Taichung,new
52,2023-05-10,ads,Taichung,new
53,2025-06-14,social,Taoyuan,vip
54,2024-12-05,partner,Taoyuan,growth
55,2025-03-24,partner,Tainan,new
56,2024-05-25,partner,Tainan,new
57,2024-03-01,partner,Taipei,new
58,2023-10-23,organic,Kaohsiung,new
59,2023-01-11,ads,Tainan,new
60,2023-12-06,organic,Hsinchu,new
61,2024-09-18,partner,Kaohsiung,new
62,2025-11-16,referral,Tainan,new
63,2023-02-07,partner,Hsinchu,new
64,2022-12-21,organic,Taipei,new
65,2025-03-25,organic,Tainan,vip
66,2024-01-09,social,Kaohsiung,vip
67,2025-10-13,referral,Tainan,vip
68,2025-02-26,ads,Taipei,new
69,2024-09-10,referral,Taichung,new
70,2023-08-16,social,Taichung,vip
71,2024-11-15,referral,Taichung,new
72,2023-10-17,partner,Taipei,growth
73,2025-05-01,referral,Tainan,growth
74,2025-08-14,partner,Taichung,new
75,2025-11-27,ads,Taichung,new
76,2025-07-13,social,Taipei,new
77,2024-07-05,ads,Tainan,vip
78,2023-06-07,referral,Taipei,new
79,2024-08-27,referral,Taipei,new
80,2025-08-03,ads,Taoyuan,growth
81,2024-04-14,organic,Hsinchu,new
82,2024-08-22,social,Kaohsiung,new
83,2023-04-10,partner,Hsinchu,new
84,2025-03-13,organic,Taipei,new
85,2023-07-08,organic,Kaohsiung,new
86,2023-11-17,ads,Hsinchu,new
87,2025-01-17,organic,Kaohsiung,new
88,2023-11-17,partner,Tainan,vip
89,2023-07-15,organic,Hsinchu,new
90,2023-08-18,ads,Hsinchu,growth
91,2025-09-17,ads,Taichung,new
92,2024-10-09,referral,Taipei,new
93,2025-10-25,referral,Hsinchu,growth
94,2025-08-26,ads,Taichung,new
95,2023-11-11,organic,Kaohsiung,new
96,2024-10-06,organic,Hsinchu,new
97,2025-04-30,referral,Taoyuan,growth
98,2023-06-02,referral,Kaohsiung,growth
99,2025-09-10,partner,Tainan,new
100,2023-05-15,organic,Taichung,vip
101,2025-08-29,partner,Hsinchu,new
102,2024-06-09,organic,Kaohsiung,growth
103,2024-09-28,referral,Hsinchu,vip
104,2023-12-12,social,Hsinchu,new
105,2025-08-07,organic,Tainan,new
106,2024-06-20,organic,Hsinchu,growth
107,2023-12-29,social,Taipei,growth
108,2023-07-22,ads,Taoyuan,new
109,2023-11-04,ads,Taichung,new
110,2024-02-25,ads,Taipei,vip
111,2025-08-01,organic,Hsinchu,growth
112,2023-08-16,ads,Kaohsiung,vip
113,2024-12-03,social,Tainan,new
114,2022-12-04,partner,Taoyuan,new
115,2025-03-03,referral,Kaohsiung,growth
116,2023-03-05,social,Kaohsiung,new
117,2024-09-19,organic,Kaohsiung,new
118,2023-10-18,partner,Taichung,new
119,2024-04-03,ads,Taoyuan,growth
120,2024-01-27,social,Tainan,growth
121,2024-08-28,ads,Kaohsiung,growth
122,2025-05-26,ads,Hsinchu,growth
123,2023-05-05,referral,Taipei,growth
124,2025-10-04,partner,Tainan,new
125,2023-07-14,partner,Taoyuan,growth
126,2023-04-06,social,Hsinchu,growth
127,2024-06-21,referral,Taichung,growth
128,2024-09-02,ads,Taoyuan,new
129,2025-10-16,partner,Kaohsiung,new
130,2025-11-28,partner,Taichung,growth
131,2024-02-27,partner,Taichung,growth
132,2025-05-20,ads,Taoyuan,new
133,2024-08-26,ads,Hsinchu,new
134,2024-04-02,organic,Kaohsiung,growth
135,2024-06-27,social,Hsinchu,vip
136,2025-01-20,referral,Hsinchu,new
137,2024-01-13,ads,Taipei,growth
138,2024-11-09,organic,Taoyuan,new
139,2023-03-14,referral,Taoyuan,new
140,2025-05-29,partner,Taipei,growth
141,2024-12-28,ads,Taichung,new
142,2023-02-08,ads,Hsinchu,new
143,2025-09-18,organic,Kaohsiung,new
144,2023-10-29,partner,Taoyuan,growth
145,2024-02-24,referral,Taipei,new
146,2024-03-09,ads,Taipei,new
147,2023-10-02,partner,Taichung,new
148,2022-12-28,social,Tainan,new
149,2025-01-15,partner,Kaohsiung,vip
150,2024-09-17,partner,Taipei,new
151,2022-12-03,ads,Taoyuan,vip
152,2025-08-09,organic,Hsinchu,new
153,2025-03-24,referral,Taipei,new
154,2023-10-11,partner,Taoyuan,new
155,2023-10-04,partner,Taipei,new
156,2025-04-30,social,Kaohsiung,new
157,2025-02-18,social,Taipei,vip
158,2025-08-03,partner,Taipei,new
159,2024-10-19,referral,Tainan,vip
160,2024-02-04,social,Hsinchu,new
161,2024-12-09,partner,Taichung,new
162,2023-07-21,ads,Taoyuan,growth
163,2023-10-04,social,Taoyuan,vip
164,2024-07-18,partner,Taoyuan,new
165,2025-05-30,ads,Hsinchu,growth
166,2024-10-09,social,Kaohsiung,vip
167,2025-04-02,ads,Taichung,new
168,2024-06-20,organic,Hsinchu,new
169,2024-11-17,social,Hsinchu,growth
170,2024-01-17,ads,Taoyuan,growth
171,2023-08-25,ads,Kaohsiung,new
172,2023-02-17,ads,Hsinchu,vip
173,2024-10-08,referral,Taichung,growth
174,2024-01-25,referral,Kaohsiung,new
175,2022-12-04,referral,Taipei,new
176,2023-04-08,partner,Taichung,new
177,2025-11-18,ads,Hsinchu,growth
178,2025-02-18,social,Taichung,new
179,2023-12-02,organic,Taipei,new
180,2022-12-04,social,Taichung,growth
181,2025-08-01,partner,Tainan,vip
182,2025-04-17,social,Kaohsiung,new
183,2023-05-03,social,Taipei,new
184,2024-10-15,referral,Taipei,growth
185,2025-01-08,social,Taichung,vip
186,2024-02-16,partner,Taichung,growth
187,2023-05-11,ads,Tainan,vip
188,2024-04-17,ads,Taichung,growth
189,2025-09-14,social,Taipei,vip
190,2024-04-07,referral,Taipei,new
191,2024-01-13,partner,Taipei,new
192,2024-05-15,organic,Taichung,new
193,2025-02-14,partner,Taoyuan,new
194,2023-03-07,social,Taichung,new
195,2023-06-11,organic,Hsinchu,new
196,2023-03-07,organic,Kaohsiung,new
197,2025-05-28,referral,Taichung,new
198,2023-04-14,organic,Taipei,new
199,2023-07-10,referral,Hsinchu,new
200,2025-03-18,ads,Tainan,new
201,2023-11-06,partner,Hsinchu,growth
202,2023-09-06,organic,Taichung,growth
203,2024-02-12,ads,Hsinchu,new
204,2025-01-10,ads,Taichung,new
205,2023-08-22,partner,Taichung,growth
206,2025-03-23,ads,Taoyuan,new
207,2024-06-25,organic,Hsinchu,growth
208,2025-10-19,referral,Taoyuan,new
209,2023-08-26,social,Taipei,vip
210,2024-10-07,social,Taoyuan,new
211,2025-09-05,organic,Kaohsiung,new
212,2024-01-18,organic,Kaohsiung,growth
213,2024-01-13,organic,Taoyuan,growth
214,2024-06-30,organic,Tainan,vip
215,2023-08-30,ads,Hsinchu,growth
216,2022-12-26,organic,Taipei,growth
217,2025-08-21,referral,Taipei,new
218,2025-04-06,referral,Taipei,new
219,2024-06-01,social,Taoyuan,new
220,2023-08-29,partner,Hsinchu,new
221,2023-04-25,social,Taipei,growth
222,2023-04-19,organic,Taichung,new
223,2023-06-23,ads,Hsinchu,new
224,2023-05-20,ads,Tainan,new
225,2025-04-10,referral,Tainan,new
226,2024-01-10,social,Taoyuan,growth
227,2025-06-18,organic,Taichung,new
228,2025-11-26,organic,Taoyuan,new
229,2023-05-24,partner,Tainan,growth
230,2024-06-15,social,Taipei,growth
231,2025-02-07,social,Taoyuan,growth
232,2023-07-29,partner,Kaohsiung,new
233,2025-08-10,ads,Taipei,growth
234,2024-02-25,organic,Taoyuan,growth
235,2023-11-05,ads,Taoyuan,vip
236,2024-10-19,social,Taoyuan,growth
237,2024-02-21,partner,Kaohsiung,new
238,2023-05-23,organic,Taipei,new
239,2025-05-22,ads,Taoyuan,new
240,2024-01-28,social,Kaohsiung,new
241,2023-07-02,referral,Taipei,growth
242,2024-06-07,organic,Tainan,new
243,2024-06-28,referral,Tainan,new
244,2025-01-08,social,Kaohsiung,new
245,2023-04-16,ads,Hsinchu,new
246,2024-06-24,organic,Kaohsiung,growth
247,2023-06-21,organic,Taipei,growth
248,2023-01-18,social,Taipei,new
249,2024-02-19,organic,Taichung,growth
250,2024-04-11,referral,Taipei,new
251,2025-09-14,social,Hsinchu,new
252,2024-04-08,partner,Hsinchu,new
253,2025-10-11,partner,Taoyuan,new
254,2025-02-27,referral,Tainan,vip
255,2023-10-10,referral,Taipei,new
256,2024-05-03,social,Kaohsiung,vip
257,2024-04-25,social,Taoyuan,new
258,2025-11-24,social,Taoyuan,growth
259,2023-05-30,referral,Taipei,new
260,2024-02-10,social,Taipei,growth
261,2024-05-04,ads,Taipei,new
262,2022-11-27,ads,Kaohsiung,new
263,2023-06-21,referral,Tainan,new
264,2024-02-09,referral,Kaohsiung,growth
265,2024-09-05,organic,Taipei,growth
266,2023-07-31,referral,Taichung,growth
267,2025-10-02,referral,Taoyuan,growth
268,2023-09-27,partner,Taoyuan,new
269,2023-12-06,social,Hsinchu,growth
270,2024-05-29,organic,Hsinchu,growth
271,2024-01-21,referral,Taichung,new
272,2024-11-24,partner,Kaohsiung,new
273,2025-11-10,ads,Taoyuan,new
274,2023-09-28,referral,Hsinchu,new
275,2025-08-09,organic,Taichung,growth
276,2022-12-30,social,Taoyuan,new
277,2024-03-26,ads,Tainan,new
278,2025-04-02,social,Tainan,vip
279,2024-12-07,partner,Taipei,growth
280,2024-08-06,ads,Kaohsiung,growth
281,2023-07-24,ads,Tainan,vip
282,2024-06-20,social,Kaohsiung,growth
283,2023-07-15,partner,Taoyuan,vip
284,2023-01-08,ads,Tainan,new
285,2025-01-30,organic,Hsinchu,new
286,2024-09-19,referral,Hsinchu,new
287,2023-10-08,organic,Tainan,new
288,2023-02-12,partner,Tainan,vip
289,2025-06-29,social,Tainan,new
290,2023-01-16,partner,Taipei,new
291,2023-10-23,partner,Kaohsiung,growth
292,2025-10-14,ads,Taoyuan,new
293,2023-02-26,social,Kaohsiung,new
294,2025-07-03,organic,Tainan,growth
295,2025-10-14,referral,Taichung,growth
296,2025-07-10,partner,Taipei,new
297,2025-04-02,organic,Tainan,growth
298,2025-08-28,partner,Tainan,new
299,2023-04-27,social,Taipei,growth
300,2023-11-11,social,Hsinchu,new
301,2023-09-06,organic,Taoyuan,new
302,2023-08-29,organic,Taichung,new
303,2023-02-09,referral,Taoyuan,new
304,2023-06-06,ads,Taipei,new
305,2025-02-12,ads,Taichung,new
306,2023-12-12,partner,Taoyuan,new
307,2025-11-20,social,Taichung,growth
308,2024-01-09,organic,Taipei,growth
309,2023-08-10,referral,Hsinchu,growth
310,2025-10-20,referral,Tainan,new
311,2025-08-10,referral,Hsinchu,new
312,2024-06-26,referral,Kaohsiung,new
313,2024-11-30,ads,Taoyuan,growth
314,2024-04-17,partner,Hsinchu,new
315,2024-06-24,ads,Taichung,new
316,2023-01-21,referral,Taichung,new
317,2024-02-15,partner,Taoyuan,new
318,2024-12-04,partner,Taipei,new
319,2023-02-28,organic,Tainan,new
320,2023-09-30,ads,Taichung,growth
321,2025-06-10,referral,Tainan,vip
322,2025-06-10,organic,Taipei,vip
323,2023-01-22,partner,Tainan,new
324,2024-07-12,ads,Tainan,growth
325,2022-12-30,organic,Hsinchu,new
326,2024-11-18,referral,Taoyuan,new
327,2025-03-27,referral,Taipei,new
328,2025-10-26,referral,Kaohsiung,growth
329,2024-08-04,referral,Kaohsiung,growth
330,2022-12-29,social,Tainan,new
331,2024-01-18,partner,Kaohsiung,growth
332,2023-11-25,ads,Hsinchu,new
333,2023-01-07,organic,Taoyuan,new
334,2025-11-11,social,Taoyuan,growth
335,2025-08-02,partner,Tainan,growth
336,2023-10-20,partner,Tainan,vip
337,2025-10-01,referral,Tainan,new
338,2025-02-10,ads,Taoyuan,new
339,2023-04-19,organic,Hsinchu,growth
340,2025-08-02,partner,Taoyuan,new
341,2025-04-14,social,Kaohsiung,new
342,2025-08-10,partner,Hsinchu,new
343,2023-01-18,partner,Hsinchu,new
344,2023-07-05,organic,Tainan,new
345,2024-03-02,ads,Kaohsiung,vip
346,2025-03-01,organic,Hsinchu,growth
347,2024-09-14,organic,Hsinchu,growth
348,2024-07-09,organic,Hsinchu,new
349,2023-12-18,partner,Tainan,new
350,2025-03-22,ads,Tainan,new
351,2025-09-08,organic,Taoyuan,new
352,2023-12-03,social,Taichung,growth
353,2024-10-09,referral,Taichung,new
354,2023-12-13,partner,Taichung,new
355,2024-12-09,partner,Taoyuan,new
356,2023-04-23,referral,Tainan,vip
357,2023-10-06,referral,Tainan,growth
358,2025-05-03,social,Hsinchu,new
359,2022-12-02,partner,Taoyuan,growth
360,2023-11-16,referral,Hsinchu,growth
361,2025-09-16,organic,Tainan,vip
362,2024-06-27,referral,Hsinchu,new
363,2022-12-28,partner,Taoyuan,growth
364,2025-02-28,organic,Taoyuan,new
365,2025-10-13,partner,Taipei,vip
366,2025-08-18,organic,Taoyuan,new
367,2023-10-07,partner,Hsinchu,new
368,2024-01-29,referral,Taoyuan,new
369,2024-01-08,referral,Taoyuan,new
370,2022-12-18,social,Tainan,new
371,2025-11-11,referral,Kaohsiung,new
372,2023-01-17,organic,Tainan,new
373,2024-12-14,ads,Tainan,new
374,2024-02-09,social,Taipei,new
375,2024-06-21,ads,Tainan,new
376,2025-08-15,social,Tainan,new
377,2023-01-13,ads,Tainan,vip
378,2023-04-02,organic,Tainan,vip
379,2024-07-27,partner,Taipei,new
380,2024-07-21,social,Kaohsiung,growth
381,2023-11-21,ads,Taipei,new
382,2023-09-16,referral,Taoyuan,new
383,2023-11-15,ads,Tainan,growth
384,2024-01-30,referral,Kaohsiung,new
385,2023-03-25,ads,Taichung,new
386,2025-02-21,social,Taoyuan,new
387,2023-07-20,referral,Taipei,growth
388,2023-07-13,ads,Taichung,growth
389,2024-04-22,social,Taoyuan,growth
390,2024-12-04,ads,Taipei,new
391,2022-12-14,organic,Kaohsiung,new
392,2022-12-16,organic,Taipei,new
393,2023-04-25,ads,Kaohsiung,new
394,2024-02-22,organic,Tainan,growth
395,2025-08-03,social,Taoyuan,new
396,2025-10-07,referral,Kaohsiung,growth
397,2023-05-26,ads,Taichung,vip
398,2025-04-16,organic,Taipei,new
399,2023-11-24,partner,Taichung,new
400,2025-08-22,partner,Taipei,new
401,2023-02-08,referral,Taichung,new
402,2025-06-13,social,Taipei,new
403,2023-09-03,referral,Hsinchu,growth
404,2023-06-29,organic,Kaohsiung,new
405,2024-12-03,organic,Taipei,new
406,2025-03-20,organic,Taoyuan,new
407,2024-12-13,partner,Hsinchu,growth
408,2025-08-25,organic,Kaohsiung,vip
409,2024-11-05,social,Taipei,new
410,2024-04-21,referral,Taoyuan,new
411,2024-12-17,partner,Taoyuan,new
412,2024-06-14,organic,Hsinchu,new
413,2025-05-28,partner,Tainan,vip
414,2023-01-24,partner,Taichung,new
415,2023-10-11,partner,Hsinchu,growth
416,2024-06-16,organic,Tainan,new
417,2025-11-06,ads,Hsinchu,growth
418,2025-11-02,organic,Tainan,vip
419,2025-09-22,partner,Taichung,new
420,2023-05-24,partner,Tainan,vip
421,2023-02-19,social,Taipei,vip
422,2025-10-31,ads,Taichung,new
423,2024-02-22,social,Tainan,new
424,2023-03-07,referral,Taoyuan,new
425,2024-03-08,partner,Taoyuan,new
426,2024-02-16,ads,Tainan,growth
427,2022-12-01,partner,Tainan,new
428,2024-04-07,organic,Hsinchu,growth
429,2023-12-10,ads,Taichung,vip
430,2023-02-14,social,Hsinchu,new
431,2023-08-09,referral,Taoyuan,new
432,2023-10-20,ads,Tainan,vip
433,2024-06-18,ads,Tainan,new
434,2025-11-05,referral,Taoyuan,growth
435,2023-01-12,social,Taichung,new
436,2024-03-23,social,Tainan,growth
437,2024-04-20,referral,Taichung,vip
438,2024-02-23,social,Hsinchu,new
439,2023-10-09,referral,Kaohsiung,vip
440,2023-12-28,organic,Hsinchu,vip
441,2023-10-12,organic,Taoyuan,new
442,2025-03-18,social,Taoyuan,new
443,2023-01-21,ads,Kaohsiung,growth
444,2025-01-02,ads,Taipei,growth
445,2024-09-25,referral,Taoyuan,new
446,2023-12-15,organic,Taichung,new
447,2024-05-28,partner,Hsinchu,new
448,2025-07-06,organic,Taipei,new
449,2022-12-21,referral,Kaohsiung,new
450,2023-05-08,organic,Tainan,new
451,2024-03-05,ads,Taipei,vip
452,2024-11-06,ads,Kaohsiung,new
453,2023-10-15,social,Hsinchu,vip
454,2023-10-25,partner,Taichung,vip
455,2024-11-07,referral,Taoyuan,new
456,2023-09-26,partner,Tainan,new
457,2024-09-13,referral,Hsinchu,new
458,2024-04-05,partner,Taoyuan,new
459,2024-03-05,partner,Hsinchu,growth
460,2025-06-11,social,Tainan,new
461,2023-10-08,partner,Tainan,new
462,2025-03-24,social,Hsinchu,new
463,2024-09-25,social,Taoyuan,growth
464,2023-07-24,referral,Kaohsiung,growth
465,2024-05-10,partner,Tainan,new
466,2025-04-08,referral,Kaohsiung,growth
467,2023-09-25,ads,Taichung,new
468,2025-01-01,partner,Kaohsiung,growth
469,2023-02-06,social,Tainan,growth
470,2022-11-27,social,Kaohsiung,growth
471,2024-12-24,organic,Taichung,new
472,2025-06-04,partner,Taichung,growth
473,2024-06-12,referral,Tainan,growth
474,2023-05-27,partner,Taichung,growth
475,2022-12-26,partner,Taichung,new
476,2023-06-16,referral,Taoyuan,new
477,2025-07-22,ads,Taichung,new
478,2025-10-21,partner,Taipei,new
479,2024-08-10,organic,Tainan,new
480,2024-08-23,ads,Tainan,growth
481,2025-11-22,ads,Kaohsiung,vip
482,2022-12-03,referral,Kaohsiung,vip
483,2024-12-30,partner,Taichung,vip
484,2024-06-30,social,Taipei,growth
485,2024-05-14,partner,Hsinchu,growth
486,2025-10-13,ads,Tainan,new
487,2023-08-25,referral,Taichung,new
488,2023-02-02,organic,Taichung,new
489,2025-07-29,ads,Hsinchu,new
490,2023-06-20,referral,Hsinchu,new
491,2023-07-05,social,Kaohsiung,new
492,2024-05-29,organic,Kaohsiung,new
493,2023-11-25,social,Tainan,growth
494,2025-04-16,organic,Kaohsiung,new
495,2025-06-20,ads,Taichung,new
496,2025-01-23,partner,Taoyuan,new
497,2024-07-04,ads,Hsinchu,new
498,2023-12-10,social,Taoyuan,new
499,2023-01-12,ads,Hsinchu,new
500,2024-12-14,referral,Taoyuan,new
501,2024-09-25,organic,Kaohsiung,new
502,2024-05-02,referral,Taoyuan,new
503,2024-04-13,social,Taoyuan,new
504,2024-04-19,referral,Taoyuan,new
505,2023-09-07,partner,Taoyuan,growth
506,2025-10-13,ads,Taoyuan,growth
507,2023-04-26,ads,Kaohsiung,new
508,2023-07-04,organic,Taichung,new
509,2023-02-28,social,Kaohsiung,growth
510,2025-11-06,referral,Taichung,new
511,2025-04-19,social,Hsinchu,vip
512,2024-11-30,social,Taoyuan,new
513,2025-03-14,ads,Tainan,new
514,2023-03-26,ads,Tainan,new
515,2024-05-01,social,Kaohsiung,new
516,2024-05-19,referral,Hsinchu,new
517,2024-08-12,ads,Kaohsiung,new
518,2025-03-11,referral,Taichung,vip
519,2024-11-14,referral,Kaohsiung,vip
520,2022-12-11,referral,Kaohsiung,growth
521,2023-10-13,ads,Taipei,new
522,2024-07-31,ads,Hsinchu,growth
523,2025-04-28,partner,Tainan,growth
524,2023-05-24,referral,Taichung,growth
525,2023-01-14,social,Tainan,growth
526,2024-07-14,social,Taichung,new
527,2025-03-23,social,Kaohsiung,vip
528,2023-10-13,ads,Tainan,new
529,2025-10-18,social,Hsinchu,vip
530,2025-06-28,social,Taoyuan,growth
531,2023-08-09,ads,Taoyuan,new
532,2025-01-24,social,Taichung,new
533,2023-10-17,social,Taipei,growth
534,2023-06-18,social,Taoyuan,growth
535,2025-05-06,ads,Hsinchu,new
536,2024-09-11,ads,Tainan,new
537,2024-08-18,partner,Taipei,new
538,2022-12-20,social,Taichung,vip
539,2023-11-09,referral,Taoyuan,growth
540,2024-03-29,partner,Tainan,new
541,2025-01-25,organic,Hsinchu,vip
542,2023-08-18,social,Tainan,new
543,2023-11-01,organic,Hsinchu,new
544,2025-09-27,ads,Tainan,new
545,2025-02-08,partner,Tainan,growth
546,2023-06-16,partner,Tainan,new
547,2024-12-04,social,Taichung,new
548,2025-02-03,organic,Kaohsiung,growth
549,2025-09-03,organic,Taipei,new
550,2024-07-16,social,Taichung,growth
551,2025-09-01,ads,Taipei,growth
552,2024-08-13,referral,Tainan,new
553,2024-08-23,ads,Taoyuan,vip
554,2023-09-11,social,Hsinchu,growth
555,2025-04-07,referral,Hsinchu,new
556,2025-02-06,organic,Kaohsiung,vip
557,2024-11-12,partner,Taipei,new
558,2022-12-03,social,Taoyuan,growth
559,2023-04-30,ads,Tainan,new
560,2024-10-27,ads,Taoyuan,new
561,2023-01-29,ads,Kaohsiung,new
562,2024-12-07,partner,Kaohsiung,new
563,2023-01-23,organic,Tainan,new
564,2024-09-21,organic,Kaohsiung,growth
565,2023-10-21,partner,Taoyuan,growth
566,2024-01-04,ads,Tainan,new
567,2023-02-01,ads,Kaohsiung,new
568,2025-01-04,organic,Taipei,new
569,2023-05-21,organic,Taoyuan,new
570,2024-07-20,organic,Kaohsiung,growth
571,2025-11-14,social,Tainan,new
572,2023-06-01,partner,Kaohsiung,new
573,2023-09-03,ads,Taoyuan,new
574,2024-06-17,referral,Hsinchu,new
575,2025-08-29,ads,Taoyuan,growth
576,2025-05-06,social,Taipei,new
577,2023-06-14,partner,Taichung,new
578,2025-07-25,organic,Taipei,new
579,2025-02-04,ads,Taoyuan,new
580,2023-05-10,social,Taoyuan,new
581,2024-09-01,social,Kaohsiung,growth
582,2023-04-02,organic,Hsinchu,new
583,2024-02-20,partner,Hsinchu,new
584,2025-01-26,organic,Taichung,growth
585,2024-09-15,referral,Tainan,vip
586,2024-03-22,ads,Taipei,new
587,2023-05-19,ads,Tainan,growth
588,2025-05-18,referral,Taichung,new
589,2025-05-25,organic,Taoyuan,vip
590,2024-12-19,referral,Kaohsiung,growth
591,2024-08-24,ads,Taoyuan,new
592,2025-08-10,ads,Taoyuan,new
593,2024-01-29,ads,Taichung,vip
594,2025-09-27,social,Taipei,new
595,2024-03-30,ads,Hsinchu,new
596,2025-04-04,referral,Taichung,growth
597,2022-12-03,partner,Hsinchu,new
598,2025-07-17,social,Kaohsiung,new
599,2025-09-08,partner,Taichung,vip
600,2023-05-11,organic,Tainan,growth
601,2023-06-28,organic,Kaohsiung,new
602,2023-10-26,organic,Kaohsiung,new
603,2025-02-09,social,Taichung,vip
604,2025-01-04,organic,Taipei,new
605,2024-04-28,referral,Taichung,new
606,2024-09-15,social,Kaohsiung,new
607,2023-03-22,organic,Taichung,new
608,2025-01-08,organic,Taipei,new
609,2025-01-03,partner,Taipei,growth
610,2023-06-06,social,Kaohsiung,new
611,2025-06-15,social,Taipei,new
612,2025-02-12,partner,Taipei,vip
613,2023-01-20,social,Taipei,new
614,2024-05-17,ads,Hsinchu,new
615,2025-05-28,ads,Taipei,new
616,2024-06-25,ads,Tainan,growth
617,2024-08-12,partner,Kaohsiung,new
618,2025-05-18,partner,Taichung,new
619,2024-01-14,organic,Kaohsiung,growth
620,2023-03-02,organic,Hsinchu,growth
621,2023-11-28,referral,Tainan,growth
622,2024-07-31,organic,Tainan,growth
623,2025-10-30,social,Taoyuan,new
624,2023-10-31,social,Taichung,new
625,2023-07-04,social,Taichung,new
626,2025-07-28,ads,Kaohsiung,growth
627,2024-05-12,organic,Taichung,new
628,2025-03-24,ads,Kaohsiung,growth
629,2024-01-23,partner,Tainan,growth
630,2024-10-30,ads,Tainan,growth
631,2024-08-24,organic,Kaohsiung,new
632,2025-04-01,partner,Taoyuan,new
633,2022-12-30,partner,Taipei,new
634,2025-08-10,social,Taichung,growth
635,2025-06-30,organic,Kaohsiung,new
636,2023-12-05,ads,Taoyuan,new
637,2025-11-19,social,Kaohsiung,new
638,2024-04-06,partner,Hsinchu,growth
639,2023-07-12,ads,Tainan,new
640,2025-11-03,ads,Taichung,new
641,2024-11-01,ads,Taipei,growth
642,2024-06-07,ads,Taichung,new
643,2022-12-04,social,Kaohsiung,new
644,2022-12-24,referral,Taichung,new
645,2023-09-03,organic,Taichung,new
646,2025-03-16,partner,Tainan,new
647,2024-04-27,ads,Taichung,new
648,2022-12-24,organic,Taoyuan,growth
649,2025-04-27,partner,Kaohsiung,vip
650,2024-11-09,partner,Kaohsiung,new
651,2025-02-16,organic,Kaohsiung,new
652,2023-10-01,social,Taipei,growth
653,2023-03-14,ads,Taipei,growth
654,2023-02-12,partner,Taichung,new
655,2024-01-01,partner,Taipei,growth
656,2023-10-17,organic,Kaohsiung,new
657,2023-06-16,referral,Taichung,new
658,2023-08-12,partner,Tainan,growth
659,2023-09-26,organic,Taoyuan,vip
660,2025-06-29,referral,Taichung,new
661,2024-01-26,ads,Taichung,new
662,2023-08-17,referral,Taichung,new
663,2025-05-29,referral,Tainan,new
664,2024-09-11,referral,Taipei,new
665,2023-04-18,organic,Hsinchu,vip
666,2024-07-21,social,Hsinchu,new
667,2023-10-13,partner,Tainan,new
668,2024-07-09,organic,Kaohsiung,new
669,2024-08-17,ads,Hsinchu,new
670,2022-12-12,social,Hsinchu,growth
671,2024-12-21,social,Taichung,vip
672,2025-01-26,organic,Hsinchu,new
673,2024-07-27,organic,Taoyuan,growth
674,2024-01-16,ads,Kaohsiung,growth
675,2025-03-30,social,Tainan,new
676,2024-10-15,referral,Hsinchu,new
677,2025-08-22,organic,Tainan,new
678,2024-11-17,organic,Hsinchu,new
679,2023-07-19,organic,Taoyuan,new
680,2024-05-28,partner,Taipei,new
681,2024-05-02,partner,Taipei,new
682,2023-10-27,ads,Taipei,new
683,2025-02-01,partner,Taipei,new
684,2023-02-14,social,Hsinchu,new
685,2023-11-04,social,Tainan,growth
686,2025-01-20,social,Kaohsiung,growth
687,2025-08-04,organic,Tainan,new
688,2025-10-08,organic,Taichung,growth
689,2024-06-09,partner,Tainan,growth
690,2025-07-11,social,Taichung,new
691,2024-03-21,organic,Taichung,growth
692,2024-09-29,social,Kaohsiung,growth
693,2025-07-23,organic,Taichung,new
694,2023-08-04,social,Taoyuan,new
695,2024-12-22,referral,Kaohsiung,new
696,2023-08-03,partner,Hsinchu,new
697,2023-09-14,partner,Hsinchu,growth
698,2024-11-28,partner,Taoyuan,growth
699,2024-01-08,referral,Kaohsiung,vip
700,2023-02-19,ads,Taipei,new
701,2024-01-14,referral,Taichung,growth
702,2024-02-19,social,Kaohsiung,growth
703,2024-12-07,partner,Kaohsiung,new
704,2023-03-22,organic,Taipei,new
705,2024-04-07,referral,Taoyuan,vip
706,2025-02-18,organic,Taoyuan,growth
707,2025-02-14,referral,Hsinchu,new
708,2025-01-04,partner,Taipei,new
709,2023-07-17,ads,Taichung,new
710,2024-04-06,organic,Tainan,new
711,2023-01-16,partner,Taichung,new
712,2023-05-07,referral,Hsinchu,new
713,2025-09-17,referral,Taichung,growth
714,2023-01-24,partner,Hsinchu,growth
715,2025-08-25,partner,Hsinchu,new
716,2025-07-28,referral,Taipei,new
717,2025-09-27,referral,Taipei,growth
718,2023-07-30,referral,Taoyuan,growth
719,2024-11-15,social,Kaohsiung,new
720,2023-06-16,referral,Hsinchu,growth
721,2024-04-06,organic,Taoyuan,new
722,2024-10-10,partner,Taoyuan,new
723,2023-11-03,partner,Tainan,growth
724,2025-04-16,organic,Taoyuan,new
725,2025-01-14,social,Tainan,new
726,2023-05-18,ads,Hsinchu,new
727,2025-08-16,referral,Tainan,new
728,2023-01-18,referral,Tainan,new
729,2023-07-22,ads,Taipei,new
730,2025-06-17,partner,Taichung,new
731,2024-07-29,referral,Kaohsiung,new
732,2024-10-22,partner,Taoyuan,growth
733,2022-12-25,partner,Taoyuan,new
734,2024-12-25,organic,Hsinchu,new
735,2023-05-20,organic,Kaohsiung,new
736,2025-02-12,partner,Hsinchu,growth
737,2025-04-01,ads,Taichung,new
738,2024-12-16,organic,Taoyuan,new
739,2022-12-07,social,Taipei,growth
740,2023-02-01,referral,Kaohsiung,new
741,2025-06-14,referral,Kaohsiung,new
742,2023-11-30,organic,Taichung,new
743,2024-04-23,social,Taipei,vip
744,2025-07-08,referral,Tainan,new
745,2023-04-19,referral,Taichung,new
746,2025-02-22,social,Tainan,growth
747,2023-04-04,ads,Taipei,new
748,2024-02-18,social,Kaohsiung,growth
749,2024-03-16,partner,Tainan,new
750,2025-05-27,partner,Tainan,new
751,2023-03-31,partner,Taichung,new
752,2023-08-13,partner,Taichung,growth
753,2024-10-14,partner,Hsinchu,growth
754,2023-12-04,referral,Taipei,new
755,2023-12-31,organic,Tainan,new
756,2023-05-17,social,Taichung,new
757,2025-05-24,social,Tainan,new
758,2023-05-13,referral,Taichung,growth
759,2023-11-23,organic,Kaohsiung,growth
760,2023-04-05,organic,Taipei,new
761,2022-12-08,organic,Tainan,vip
762,2023-05-26,social,Taichung,new
763,2025-06-09,partner,Hsinchu,new
764,2024-07-05,ads,Taichung,growth
765,2024-05-22,referral,Tainan,new
766,2025-09-30,ads,Tainan,new
767,2025-01-08,organic,Taoyuan,vip
768,2025-01-21,organic,Kaohsiung,new
769,2022-12-28,social,Kaohsiung,new
770,2024-12-17,partner,Hsinchu,vip
771,2025-10-29,social,Hsinchu,growth
772,2024-07-03,referral,Taichung,new
773,2024-10-23,partner,Hsinchu,new
774,2024-03-05,organic,Hsinchu,growth
775,2024-05-08,partner,Taoyuan,new
776,2024-04-07,partner,Taichung,vip
777,2024-08-31,social,Hsinchu,new
778,2024-10-11,social,Taoyuan,new
779,2024-02-08,organic,Taichung,growth
780,2024-05-03,social,Taoyuan,growth
781,2025-08-16,ads,Taoyuan,new
782,2023-12-07,organic,Tainan,new
783,2023-02-05,partner,Taipei,new
784,2024-05-18,social,Taipei,new
785,2023-01-05,social,Tainan,new
786,2023-10-15,ads,Taoyuan,new
787,2025-02-28,social,Hsinchu,growth
788,2024-12-14,ads,Hsinchu,growth
789,2025-04-23,ads,Hsinchu,growth
790,2024-07-23,organic,Taipei,growth
791,2024-03-25,organic,Taoyuan,growth
792,2022-12-26,partner,Tainan,new
793,2024-12-14,partner,Tainan,new
794,2024-08-17,social,Taichung,vip
795,2023-07-09,ads,Taipei,new
796,2023-10-05,partner,Tainan,growth
797,2024-05-26,social,Kaohsiung,new
798,2025-11-28,partner,Hsinchu,new
799,2024-01-29,ads,Hsinchu,new
800,2023-01-27,referral,Taoyuan,new
801,2023-04-04,referral,Taipei,growth
802,2024-09-05,social,Hsinchu,growth
803,2023-07-11,ads,Hsinchu,growth
804,2024-03-27,partner,Tainan,growth
805,2024-12-04,organic,Taipei,vip
806,2023-12-12,organic,Tainan,new
807,2025-06-20,partner,Hsinchu,growth
808,2025-11-10,ads,Taipei,growth
809,2025-09-02,partner,Taoyuan,new
810,2025-06-10,referral,Tainan,vip
811,2024-12-27,ads,Taipei,new
812,2023-03-20,referral,Hsinchu,growth
813,2024-09-18,partner,Taipei,new
814,2025-02-26,social,Kaohsiung,new
815,2025-07-25,social,Kaohsiung,new
816,2024-11-12,referral,Tainan,new
817,2024-09-20,partner,Taipei,new
818,2023-04-03,social,Taichung,new
819,2024-05-03,ads,Hsinchu,growth
820,2023-10-14,referral,Taichung,new
821,2025-06-30,ads,Tainan,growth
822,2025-10-16,organic,Taoyuan,new
823,2025-05-16,social,Tainan,new
824,2025-05-22,organic,Tainan,new
825,2023-06-03,referral,Taichung,new
826,2025-02-11,referral,Hsinchu,new
827,2023-03-28,partner,Hsinchu,new
828,2023-06-08,organic,Taichung,growth
829,2024-06-30,referral,Hsinchu,growth
830,2023-10-20,ads,Taoyuan,new
831,2025-08-04,ads,Taipei,new
832,2025-05-13,partner,Hsinchu,growth
833,2023-05-03,partner,Kaohsiung,new
834,2024-06-13,social,Taichung,growth
835,2023-02-17,partner,Hsinchu,new
836,2025-02-13,referral,Taichung,new
837,2025-10-09,referral,Hsinchu,new
838,2025-02-27,ads,Taichung,new
839,2024-09-18,social,Kaohsiung,new
840,2024-04-20,social,Taoyuan,new
841,2025-05-31,referral,Taichung,new
842,2023-10-25,referral,Taipei,growth
843,2025-01-18,ads,Kaohsiung,new
844,2024-11-28,referral,Kaohsiung,growth
845,2024-09-28,referral,Taichung,new
846,2025-12-01,organic,Taichung,new
847,2025-04-29,referral,Taichung,growth
848,2023-05-29,ads,Hsinchu,vip
849,2023-11-06,referral,Taipei,new
850,2025-10-19,referral,Taoyuan,new
851,2024-11-15,ads,Tainan,new
852,2025-04-21,referral,Tainan,growth
853,2025-11-26,organic,Taoyuan,new
854,2025-01-12,partner,Taichung,growth
855,2023-10-18,organic,Tainan,new
856,2023-05-11,ads,Hsinchu,new
857,2025-04-11,organic,Taoyuan,new
858,2023-04-19,organic,Taipei,new
859,2025-06-19,ads,Kaohsiung,vip
860,2024-09-05,referral,Taipei,new
861,2025-03-12,organic,Taoyuan,new
862,2024-05-04,social,Taichung,new
863,2024-01-10,organic,Kaohsiung,growth
864,2023-05-10,ads,Tainan,new
865,2025-04-20,social,Hsinchu,new
866,2024-01-28,referral,Taipei,new
867,2023-08-16,organic,Tainan,growth
868,2024-12-12,social,Taoyuan,vip
869,2025-10-28,organic,Tainan,growth
870,2024-12-25,organic,Taipei,new
871,2024-04-15,ads,Taipei,new
872,2022-12-14,referral,Tainan,new
873,2023-02-26,partner,Kaohsiung,growth
874,2024-07-01,partner,Kaohsiung,new
875,2023-05-03,partner,Taipei,growth
876,2025-07-09,referral,Tainan,new
877,2024-11-27,ads,Taichung,new
878,2025-02-20,social,Taipei,growth
879,2024-07-23,organic,Hsinchu,new
880,2024-10-09,referral,Hsinchu,growth
881,2023-08-11,organic,Kaohsiung,growth
882,2024-12-11,referral,Hsinchu,new
883,2022-11-30,referral,Tainan,growth
884,2024-07-02,social,Kaohsiung,new
885,2023-02-27,organic,Taipei,growth
886,2023-09-12,partner,Tainan,new
887,2025-01-16,partner,Hsinchu,new
888,2024-01-01,referral,Tainan,new
889,2023-03-26,social,Taipei,new
890,2023-04-01,social,Hsinchu,growth
891,2024-01-06,partner,Taichung,new
892,2025-10-15,ads,Taichung,new
893,2024-04-05,social,Taichung,new
894,2025-08-22,ads,Taipei,new
895,2023-05-19,ads,Taipei,growth
896,2024-12-05,partner,Taichung,new
897,2024-11-24,referral,Kaohsiung,new
898,2024-10-10,partner,Taipei,vip
899,2024-05-31,organic,Taichung,growth
900,2025-05-18,social,Taoyuan,new
901,2024-01-19,organic,Tainan,new
902,2024-11-28,social,Taipei,new
903,2025-08-09,organic,Taichung,new
904,2023-03-21,organic,Taipei,new
905,2025-02-16,referral,Taichung,new
906,2024-09-21,ads,Hsinchu,new
907,2023-03-14,referral,Kaohsiung,new
908,2024-09-22,ads,Taoyuan,growth
909,2024-09-09,organic,Taipei,new
910,2025-09-15,partner,Taichung,growth
911,2024-06-13,social,Taichung,new
912,2024-03-17,organic,Tainan,new
913,2025-01-27,referral,Tainan,new
914,2024-11-15,partner,Tainan,new
915,2022-12-08,partner,Taichung,vip
916,2024-04-15,ads,Taichung,new
917,2024-12-12,organic,Hsinchu,growth
918,2024-04-03,referral,Hsinchu,new
919,2024-12-26,ads,Hsinchu,vip
920,2025-06-15,social,Hsinchu,growth
921,2025-03-09,ads,Tainan,growth
922,2025-08-04,social,Taipei,growth
923,2024-04-19,organic,Hsinchu,vip
924,2023-12-17,ads,Hsinchu,vip
925,2024-11-18,referral,Hsinchu,new
926,2023-04-04,referral,Hsinchu,new
927,2025-10-16,organic,Tainan,new
928,2023-08-12,social,Taoyuan,new
929,2024-09-14,organic,Taichung,growth
930,2024-09-16,referral,Taipei,new
931,2023-04-08,referral,Kaohsiung,new
932,2022-12-27,organic,Kaohsiung,new
933,2025-12-01,ads,Taichung,growth
934,2023-08-16,referral,Taipei,vip
935,2024-08-04,social,Taoyuan,new
936,2025-07-20,ads,Taichung,new
937,2024-01-26,organic,Kaohsiung,growth
938,2025-01-08,partner,Tainan,new
939,2023-03-24,partner,Kaohsiung,new
940,2023-01-05,organic,Kaohsiung,new
941,2023-01-10,partner,Taipei,new
942,2022-12-24,ads,Taoyuan,growth
943,2023-10-07,social,Hsinchu,new
944,2024-08-09,ads,Kaohsiung,new
945,2025-04-08,referral,Taipei,new
946,2024-02-26,partner,Taichung,vip
947,2024-02-02,social,Kaohsiung,new
948,2023-04-05,social,Hsinchu,new
949,2025-05-31,referral,Taipei,new
950,2023-02-19,social,Tainan,new
951,2025-03-10,partner,Taipei,new
952,2024-10-08,referral,Taoyuan,new
953,2024-07-19,ads,Taichung,new
954,2023-03-02,referral,Taipei,new
955,2024-06-22,ads,Tainan,growth
956,2023-06-18,partner,Taichung,growth
957,2025-04-17,ads,Kaohsiung,new
958,2024-11-09,organic,Taichung,new
959,2024-01-22,social,Hsinchu,vip
960,2025-07-05,social,Hsinchu,new
961,2025-05-10,partner,Taipei,new
962,2023-11-12,partner,Tainan,new
963,2024-04-20,social,Taoyuan,growth
964,2025-04-19,partner,Taipei,growth
965,2025-11-12,organic,Taoyuan,vip
966,2024-08-26,ads,Kaohsiung,growth
967,2024-10-13,referral,Taoyuan,new
968,2024-01-03,referral,Taipei,vip
969,2025-05-06,organic,Kaohsiung,new
970,2023-10-05,referral,Tainan,vip
971,2023-12-27,partner,Taoyuan,vip
972,2025-07-09,social,Kaohsiung,growth
973,2023-06-26,organic,Hsinchu,new
974,2022-12-03,organic,Tainan,growth
975,2023-06-14,partner,Hsinchu,new
976,2023-06-09,partner,Hsinchu,growth
977,2025-04-14,partner,Taoyuan,new
978,2023-11-22,organic,Tainan,new
979,2025-05-31,organic,Hsinchu,new
980,2023-01-08,organic,Taoyuan,new
981,2022-12-23,social,Hsinchu,growth
982,2025-07-02,organic,Kaohsiung,new
983,2023-05-16,partner,Taoyuan,new
984,2024-06-10,partner,Taoyuan,new
985,2023-06-26,ads,Taoyuan,new
986,2023-12-09,ads,Taichung,new
987,2024-03-19,partner,Taoyuan,vip
988,2023-12-13,referral,Taipei,growth
989,2023-05-19,ads,Tainan,new
990,2024-04-24,ads,Taipei,growth
991,2023-03-13,ads,Hsinchu,new
992,2025-05-06,ads,Tainan,new
993,2025-10-17,ads,Taoyuan,new
994,2024-01-11,organic,Taipei,vip
995,2025-03-27,referral,Taoyuan,new
996,2024-01-01,social,Taichung,new
997,2024-03-22,referral,Taoyuan,growth
998,2024-03-18,ads,Kaohsiung,new
999,2025-10-31,partner,Hsinchu,growth
1000,2025-09-02,social,Kaohsiung,new
1001,2023-08-16,organic,Taichung,new
1002,2024-05-31,organic,Kaohsiung,new
1003,2024-05-06,ads,Kaohsiung,growth
1004,2025-05-05,referral,Kaohsiung,growth
1005,2024-03-28,ads,Tainan,new
1006,2023-04-22,referral,Hsinchu,new
1007,2023-03-08,organic,Tainan,new
1008,2025-02-25,partner,Kaohsiung,growth
1009,2024-05-23,organic,Hsinchu,new
1010,2025-06-15,partner,Taichung,growth
1011,2024-11-07,partner,Taichung,new
1012,2025-02-08,organic,Kaohsiung,new
1013,2024-05-30,social,Taipei,growth
1014,2023-10-01,referral,Taipei,new
1015,2024-02-14,social,Kaohsiung,new
1016,2024-03-14,referral,Tainan,new
1017,2024-11-09,social,Taipei,growth
1018,2024-11-11,social,Taoyuan,new
1019,2025-01-05,ads,Hsinchu,growth
1020,2025-11-11,organic,Tainan,growth
1021,2024-05-05,referral,Hsinchu,growth
1022,2024-08-01,partner,Tainan,growth
1023,2023-01-18,referral,Taoyuan,growth
1024,2023-01-27,organic,Kaohsiung,new
1025,2023-06-04,social,Hsinchu,new
1026,2023-11-24,referral,Taichung,new
1027,2024-03-25,partner,Taipei,growth
1028,2023-09-09,organic,Tainan,new
1029,2023-05-29,partner,Kaohsiung,new
1030,2024-05-28,partner,Taipei,new
1031,2025-11-18,partner,Kaohsiung,growth
1032,2024-08-19,social,Kaohsiung,new
1033,2023-10-01,referral,Kaohsiung,new
1034,2023-08-22,organic,Taoyuan,new
1035,2024-06-18,social,Taichung,vip
1036,2024-12-07,organic,Taoyuan,growth
1037,2024-09-30,ads,Tainan,growth
1038,2023-04-11,ads,Taichung,growth
1039,2025-04-05,ads,Kaohsiung,new
1040,2025-08-08,partner,Taoyuan,growth
1041,2023-12-10,referral,Kaohsiung,growth
1042,2024-07-17,referral,Taichung,new
1043,2025-05-26,referral,Kaohsiung,new
1044,2024-04-27,ads,Hsinchu,new
1045,2025-09-29,organic,Kaohsiung,growth
1046,2023-03-11,ads,Taichung,new
1047,2025-08-09,referral,Kaohsiung,new
1048,2025-03-03,partner,Hsinchu,vip
1049,2023-06-13,organic,Taichung,vip
1050,2024-03-12,organic,Taoyuan,new
1051,2024-02-15,partner,Hsinchu,growth
1052,2024-10-27,referral,Kaohsiung,new
1053,2024-04-10,organic,Taoyuan,new
1054,2023-11-11,social,Hsinchu,new
1055,2024-05-14,organic,Kaohsiung,new
1056,2024-11-05,partner,Taoyuan,growth
1057,2022-12-03,referral,Taipei,growth
1058,2023-05-04,referral,Taipei,new
1059,2024-09-25,referral,Hsinchu,new
1060,2022-12-28,organic,Taipei,new
1061,2023-02-09,ads,Hsinchu,growth
1062,2025-06-06,social,Hsinchu,new
1063,2024-04-22,partner,Taichung,new
1064,2023-06-04,organic,Tainan,new
1065,2024-10-17,partner,Kaohsiung,growth
1066,2025-08-04,partner,Kaohsiung,new
1067,2023-08-12,partner,Kaohsiung,new
1068,2025-08-26,ads,Hsinchu,growth
1069,2025-07-05,social,Tainan,growth
1070,2023-12-01,social,Taichung,new
1071,2024-12-21,organic,Taichung,growth
1072,2023-03-20,organic,Kaohsiung,vip
1073,2023-09-17,partner,Kaohsiung,growth
1074,2023-09-02,referral,Taoyuan,new
1075,2025-11-21,referral,Kaohsiung,new
1076,2025-01-17,ads,Hsinchu,growth
1077,2025-04-09,partner,Kaohsiung,vip
1078,2024-01-27,organic,Hsinchu,new
1079,2024-11-23,referral,Hsinchu,new
1080,2024-04-18,social,Hsinchu,new
1081,2025-06-28,partner,Taoyuan,new
1082,2025-07-18,partner,Tainan,growth
1083,2024-08-30,referral,Taoyuan,new
1084,2023-11-29,referral,Kaohsiung,new
1085,2023-09-30,ads,Kaohsiung,new
1086,2024-10-08,partner,Taichung,new
1087,2022-12-06,organic,Kaohsiung,new
1088,2024-09-02,partner,Taoyuan,new
1089,2024-05-29,ads,Tainan,growth
1090,2024-09-11,partner,Taipei,new
1091,2023-12-29,ads,Tainan,vip
1092,2024-07-01,ads,Kaohsiung,new
1093,2025-03-15,partner,Taoyuan,vip
1094,2023-04-23,referral,Taichung,new
1095,2025-09-25,partner,Taoyuan,growth
1096,2023-07-19,ads,Taichung,new
1097,2024-10-16,partner,Taichung,growth
1098,2023-07-21,ads,Tainan,growth
1099,2025-07-05,partner,Taipei,new
1100,2023-03-25,social,Taipei,new
1101,2022-11-27,organic,Hsinchu,new
1102,2024-05-23,referral,Tainan,new
1103,2022-12-24,social,Tainan,growth
1104,2025-08-04,referral,Taichung,new
1105,2024-01-06,partner,Taipei,growth
1106,2023-01-08,social,Kaohsiung,growth
1107,2024-02-27,referral,Taoyuan,new
1108,2023-05-14,referral,Taoyuan,vip
1109,2024-09-09,partner,Taipei,new
1110,2025-11-04,social,Kaohsiung,new
1111,2025-03-11,partner,Tainan,new
1112,2025-01-03,partner,Taichung,growth
1113,2024-06-27,referral,Kaohsiung,new
1114,2024-11-28,ads,Taipei,growth
1115,2024-02-29,organic,Kaohsiung,growth
1116,2025-09-21,organic,Hsinchu,new
1117,2024-08-31,referral,Kaohsiung,growth
1118,2024-03-22,partner,Kaohsiung,growth
1119,2023-07-25,organic,Hsinchu,new
1120,2024-01-16,organic,Taipei,new
1121,2023-06-13,referral,Hsinchu,new
1122,2024-03-10,partner,Hsinchu,new
1123,2023-03-20,referral,Taoyuan,new
1124,2023-02-16,organic,Taoyuan,growth
1125,2024-09-27,referral,Tainan,new
1126,2024-11-18,referral,Taipei,growth
1127,2025-01-21,social,Taoyuan,vip
1128,2024-10-26,partner,Tainan,growth
1129,2024-09-04,partner,Taichung,new
1130,2025-11-20,organic,Taichung,new
1131,2025-05-05,organic,Taipei,new
1132,2023-05-27,referral,Taichung,new
1133,2024-05-02,referral,Tainan,vip
1134,2025-10-25,social,Taipei,new
1135,2024-09-15,partner,Hsinchu,vip
1136,2023-05-30,referral,Tainan,growth
1137,2024-09-25,organic,Kaohsiung,vip
1138,2023-02-07,organic,Taoyuan,new
1139,2024-12-06,organic,Hsinchu,new
1140,2022-12-03,ads,Tainan,growth
1141,2025-08-30,referral,Taipei,new
1142,2025-06-19,partner,Tainan,vip
1143,2023-09-27,ads,Kaohsiung,vip
1144,2023-02-20,social,Taoyuan,new
1145,2023-02-05,referral,Tainan,growth
1146,2024-04-08,ads,Taichung,new
1147,2023-10-09,ads,Taichung,growth
1148,2025-05-07,ads,Taoyuan,new
1149,2023-10-19,referral,Hsinchu,new
1150,2024-11-24,referral,Tainan,new
1151,2024-11-06,referral,Taoyuan,new
1152,2023-08-31,social,Taipei,growth
1153,2023-06-17,ads,Taipei,new
1154,2023-05-13,referral,Kaohsiung,growth
1155,2024-09-20,referral,Hsinchu,new
1156,2024-08-09,referral,Tainan,growth
1157,2023-04-23,partner,Tainan,new
1158,2024-03-16,partner,Hsinchu,new
1159,2025-08-31,organic,Taichung,new
1160,2023-09-24,ads,Taipei,new
1161,2023-08-30,social,Taichung,new
1162,2023-11-22,referral,Tainan,new
1163,2023-12-25,ads,Tainan,new
1164,2023-10-27,organic,Hsinchu,new
1165,2025-04-24,organic,Taoyuan,new
1166,2023-01-25,ads,Hsinchu,growth
1167,2025-04-01,organic,Taipei,new
1168,2025-01-23,social,Hsinchu,growth
1169,2023-05-18,referral,Taichung,new
1170,2025-08-27,ads,Hsinchu,new
1171,2024-04-14,referral,Taoyuan,new
1172,2024-04-08,organic,Taichung,new
1173,2023-10-28,partner,Taoyuan,growth
1174,2023-10-11,organic,Taipei,growth
1175,2024-07-09,social,Taichung,new
1176,2024-12-26,organic,Taipei,new
1177,2024-07-06,partner,Taipei,new
1178,2023-11-27,social,Taichung,new
1179,2023-02-27,referral,Taoyuan,growth
1180,2023-07-27,social,Tainan,growth
1181,2023-11-05,partner,Tainan,new
1182,2025-03-30,partner,Tainan,new
1183,2023-06-20,referral,Taichung,vip
1184,2024-12-09,partner,Taichung,new
1185,2025-09-29,referral,Kaohsiung,new
1186,2023-04-06,organic,Kaohsiung,vip
1187,2025-02-16,referral,Taipei,new
1188,2025-08-29,partner,Hsinchu,new
1189,2024-04-19,organic,Taoyuan,growth
1190,2024-09-01,partner,Hsinchu,growth
1191,2023-11-14,ads,Hsinchu,new
1192,2023-10-01,social,Hsinchu,new
1193,2023-06-02,organic,Tainan,growth
1194,2024-01-04,partner,Tainan,growth
1195,2023-11-03,social,Hsinchu,new
1196,2025-03-05,social,Kaohsiung,new
1197,2025-03-25,ads,Tainan,new
1198,2023-04-07,ads,Taichung,new
1199,2025-05-18,referral,Taoyuan,new
1200,2023-05-18,ads,Taoyuan,new
1201,2024-10-08,partner,Taichung,growth
1202,2025-03-01,referral,Taichung,growth
1203,2025-07-30,social,Tainan,new
1204,2025-07-28,organic,Taipei,growth
1205,2023-09-30,ads,Taipei,growth
1206,2025-09-22,partner,Taipei,new
1207,2024-11-18,partner,Taipei,new
1208,2024-08-30,organic,Hsinchu,new
1209,2025-06-07,referral,Taoyuan,growth
1210,2023-12-29,social,Taichung,new
1211,2023-07-19,ads,Hsinchu,growth
1212,2024-02-23,organic,Hsinchu,vip
1213,2024-05-25,partner,Taoyuan,growth
1214,2023-07-16,partner,Hsinchu,vip
1215,2025-08-06,referral,Tainan,growth
1216,2025-08-12,referral,Hsinchu,new
1217,2025-04-28,partner,Taipei,new
1218,2025-08-21,ads,Tainan,new
1219,2024-03-22,referral,Hsinchu,new
1220,2025-09-08,referral,Taoyuan,new
1221,2023-08-18,social,Hsinchu,new
1222,2024-01-18,referral,Taipei,growth
1223,2023-01-24,organic,Kaohsiung,growth
1224,2023-10-10,ads,Taoyuan,new
1225,2023-12-01,ads,Tainan,new
1226,2023-06-20,social,Tainan,new
1227,2023-05-05,referral,Hsinchu,new
1228,2023-03-19,ads,Taichung,growth
1229,2025-08-31,organic,Taichung,new
1230,2023-12-05,organic,Hsinchu,growth
1231,2024-10-11,partner,Hsinchu,growth
1232,2025-11-21,referral,Taoyuan,new
1233,2024-07-12,referral,Kaohsiung,vip
1234,2024-06-11,referral,Taoyuan,growth
1235,2023-10-05,social,Hsinchu,new
1236,2025-08-05,ads,Taoyuan,vip
1237,2023-08-28,ads,Kaohsiung,growth
1238,2023-10-07,referral,Taoyuan,vip
1239,2024-04-11,partner,Taipei,new
1240,2023-02-09,ads,Taichung,new
1241,2022-12-16,partner,Tainan,new
1242,2023-09-16,referral,Tainan,new
1243,2023-11-17,organic,Tainan,new
1244,2022-12-03,organic,Taoyuan,new
1245,2023-03-30,referral,Tainan,growth
1246,2023-02-25,social,Tainan,new
1247,2023-06-30,social,Hsinchu,growth
1248,2023-08-26,partner,Kaohsiung,new
1249,2024-04-14,partner,Hsinchu,growth
1250,2024-01-08,organic,Taoyuan,new
1251,2025-09-22,referral,Hsinchu,growth
1252,2025-10-20,referral,Hsinchu,new
1253,2023-11-08,ads,Taoyuan,new
1254,2023-03-21,referral,Hsinchu,vip
1255,2025-10-24,referral,Taoyuan,growth
1256,2025-08-24,referral,Tainan,growth
1257,2024-01-11,referral,Taichung,new
1258,2024-01-27,partner,Hsinchu,vip
1259,2023-08-19,ads,Taichung,new
1260,2025-04-15,ads,Taipei,new
1261,2024-06-30,social,Taipei,growth
1262,2025-03-14,referral,Hsinchu,new
1263,2025-09-27,ads,Taoyuan,growth
1264,2023-01-28,partner,Tainan,new
1265,2025-01-11,partner,Taoyuan,new
1266,2025-06-01,ads,Taichung,vip
1267,2024-06-10,referral,Tainan,new
1268,2023-01-26,referral,Taipei,growth
1269,2025-02-13,organic,Taipei,new
1270,2023-01-27,social,Tainan,growth
1271,2025-08-19,ads,Taipei,growth
1272,2023-02-14,partner,Kaohsiung,growth
1273,2024-09-13,referral,Taoyuan,new
1274,2024-10-03,partner,Tainan,new
1275,2023-02-28,partner,Taoyuan,vip
1276,2023-02-13,social,Taipei,new
1277,2023-09-08,ads,Taichung,new
1278,2022-12-27,social,Tainan,growth
1279,2024-12-18,organic,Taichung,new
1280,2025-07-27,ads,Kaohsiung,growth
1281,2024-06-09,organic,Taipei,growth
1282,2025-05-11,organic,Taoyuan,growth
1283,2024-08-14,referral,Kaohsiung,new
1284,2025-07-02,referral,Taipei,growth
1285,2025-05-07,organic,Hsinchu,growth
1286,2024-02-23,ads,Tainan,new
1287,2023-01-16,social,Kaohsiung,growth
1288,2025-07-07,partner,Taipei,growth
1289,2024-04-12,social,Kaohsiung,new
1290,2023-12-24,ads,Kaohsiung,growth
1291,2025-02-09,referral,Taipei,new
1292,2023-05-23,partner,Taipei,new
1293,2025-02-28,partner,Kaohsiung,new
1294,2025-09-14,referral,Taoyuan,growth
1295,2025-07-05,social,Taipei,growth
1296,2024-11-07,referral,Taoyuan,growth
1297,2023-01-21,referral,Taoyuan,growth
1298,2025-11-17,referral,Tainan,vip
1299,2025-08-18,partner,Hsinchu,new
1300,2023-03-22,referral,Taoyuan,vip
1301,2023-09-14,social,Taoyuan,growth
1302,2025-10-19,ads,Kaohsiung,growth
1303,2023-11-29,referral,Hsinchu,growth
1304,2024-12-03,referral,Tainan,new
1305,2024-03-02,ads,Tainan,vip
1306,2022-12-18,ads,Tainan,new
1307,2023-12-16,organic,Tainan,growth
1308,2023-08-17,organic,Taoyuan,growth
1309,2025-09-14,partner,Taipei,growth
1310,2024-12-17,partner,Taoyuan,growth
1311,2025-08-17,referral,Tainan,new
1312,2025-01-05,organic,Taipei,growth
1313,2025-02-23,partner,Tainan,new
1314,2024-09-29,referral,Tainan,growth
1315,2023-11-17,ads,Hsinchu,growth
1316,2024-09-06,partner,Hsinchu,growth
1317,2023-01-21,social,Taipei,growth
1318,2024-10-29,social,Kaohsiung,vip
1319,2024-01-27,social,Hsinchu,new
1320,2024-02-25,ads,Kaohsiung,new
1321,2024-05-23,ads,Hsinchu,growth
1322,2025-04-09,social,Tainan,vip
1323,2024-05-23,partner,Tainan,new
1324,2024-12-26,partner,Kaohsiung,growth
1325,2023-07-18,organic,Tainan,growth
1326,2024-05-09,ads,Taoyuan,vip
1327,2023-12-08,social,Hsinchu,new
1328,2023-10-28,partner,Tainan,growth
1329,2023-01-17,social,Taoyuan,new
1330,2025-07-14,partner,Kaohsiung,new
1331,2024-06-01,social,Taichung,growth
1332,2024-12-04,referral,Kaohsiung,new
1333,2023-09-25,ads,Hsinchu,new
1334,2025-02-14,organic,Kaohsiung,new
1335,2023-11-08,referral,Taichung,growth
1336,2025-11-28,ads,Hsinchu,new
1337,2025-10-01,referral,Hsinchu,vip
1338,2024-02-15,partner,Taichung,new
1339,2023-12-16,partner,Kaohsiung,new
1340,2023-06-24,referral,Tainan,new
1341,2025-09-08,referral,Tainan,new
1342,2023-10-13,ads,Hsinchu,vip
1343,2023-09-11,organic,Kaohsiung,growth
1344,2023-11-15,referral,Taoyuan,growth
1345,2024-11-12,organic,Taipei,new
1346,2024-11-26,ads,Hsinchu,new
1347,2025-01-01,referral,Kaohsiung,new
1348,2024-01-08,social,Hsinchu,new
1349,2024-02-07,partner,Kaohsiung,vip
1350,2023-09-11,organic,Kaohsiung,vip
1351,2023-04-18,partner,Kaohsiung,growth
1352,2024-12-23,social,Kaohsiung,new
1353,2024-11-12,social,Tainan,growth
1354,2023-07-03,social,Hsinchu,growth
1355,2024-11-19,organic,Kaohsiung,new
1356,2025-03-14,organic,Tainan,growth
1357,2023-03-29,ads,Hsinchu,new
1358,2024-09-28,ads,Tainan,vip
1359,2025-10-12,organic,Hsinchu,vip
1360,2025-06-10,organic,Taoyuan,new
1361,2024-05-27,organic,Hsinchu,new
1362,2023-04-12,referral,Taoyuan,growth
1363,2025-02-10,partner,Kaohsiung,growth
1364,2024-04-27,organic,Taichung,new
1365,2023-02-21,ads,Taichung,new
1366,2024-08-12,partner,Hsinchu,new
1367,2023-11-10,partner,Taoyuan,new
1368,2024-12-17,referral,Taoyuan,new
1369,2023-04-30,organic,Hsinchu,growth
1370,2024-04-28,referral,Taipei,new
1371,2025-11-18,organic,Hsinchu,vip
1372,2023-01-19,referral,Hsinchu,new
1373,2023-10-07,organic,Hsinchu,growth
1374,2023-04-29,partner,Taoyuan,growth
1375,2023-01-24,organic,Hsinchu,vip
1376,2024-06-18,ads,Taoyuan,new
1377,2024-06-29,partner,Taoyuan,new
1378,2024-03-26,ads,Taichung,new
1379,2023-10-09,ads,Taichung,growth
1380,2022-12-27,ads,Taipei,growth
1381,2024-10-20,organic,Taichung,vip
1382,2023-02-20,organic,Tainan,new
1383,2025-04-10,referral,Taichung,growth
1384,2023-05-03,organic,Taichung,new
1385,2023-12-23,social,Hsinchu,growth
1386,2023-10-05,organic,Tainan,growth
1387,2025-06-23,social,Tainan,new
1388,2025-07-03,social,Taoyuan,new
1389,2023-10-23,social,Tainan,new
1390,2025-02-11,organic,Kaohsiung,growth
1391,2024-05-24,referral,Taipei,growth
1392,2025-11-28,partner,Tainan,new
1393,2024-02-04,ads,Taipei,new
1394,2024-03-01,referral,Taipei,vip
1395,2024-08-29,referral,Tainan,new
1396,2023-05-28,partner,Hsinchu,new
1397,2025-11-13,organic,Tainan,new
1398,2024-12-03,referral,Taichung,growth
1399,2023-02-02,ads,Kaohsiung,growth
1400,2024-07-19,social,Kaohsiung,vip
1401,2024-11-03,organic,Taichung,new
1402,2023-05-03,referral,Taipei,new
1403,2024-12-27,referral,Tainan,growth
1404,2023-06-04,referral,Taoyuan,new
1405,2024-04-14,referral,Taipei,new
1406,2024-02-25,organic,Taichung,new
1407,2025-09-24,ads,Taipei,vip
1408,2024-01-11,referral,Hsinchu,vip
1409,2024-12-10,ads,Taichung,growth
1410,2025-06-03,social,Taichung,growth
1411,2023-09-15,ads,Tainan,new
1412,2023-07-16,organic,Taichung,new
1413,2024-03-13,partner,Hsinchu,new
1414,2023-01-09,partner,Taoyuan,new
1415,2022-12-23,social,Taoyuan,growth
1416,2025-01-17,partner,Taichung,growth
1417,2024-12-23,organic,Taoyuan,new
1418,2024-10-24,social,Tainan,growth
1419,2024-12-04,social,Kaohsiung,new
1420,2023-02-23,partner,Tainan,new
1421,2025-07-26,social,Kaohsiung,new
1422,2023-04-05,organic,Taichung,new
1423,2025-01-16,organic,Taichung,new
1424,2024-07-26,ads,Taichung,growth
1425,2024-09-15,referral,Tainan,vip
1426,2023-08-02,partner,Kaohsiung,vip
1427,2025-05-21,ads,Taichung,growth
1428,2023-09-14,organic,Taoyuan,growth
1429,2025-08-16,organic,Tainan,new
1430,2025-08-08,ads,Tainan,vip
1431,2025-01-04,partner,Tainan,vip
1432,2023-02-08,ads,Taipei,new
1433,2024-10-11,organic,Taichung,growth
1434,2022-12-23,referral,Tainan,new
1435,2025-08-11,ads,Hsinchu,new
1436,2024-07-22,organic,Kaohsiung,new
1437,2024-01-01,ads,Kaohsiung,new
1438,2023-08-22,referral,Kaohsiung,vip
1439,2025-05-05,referral,Taoyuan,new
1440,2025-08-21,ads,Kaohsiung,growth
1441,2023-07-27,referral,Kaohsiung,growth
1442,2023-11-16,referral,Taoyuan,new
1443,2024-09-13,social,Taichung,new
1444,2025-11-19,organic,Kaohsiung,new
1445,2023-04-06,ads,Taichung,new
1446,2025-07-28,referral,Hsinchu,growth
1447,2023-03-28,social,Hsinchu,vip
1448,2024-01-07,organic,Tainan,growth
1449,2023-06-27,organic,Taichung,growth
1450,2025-01-26,referral,Taichung,new
1451,2023-10-05,referral,Taoyuan,vip
1452,2023-11-30,ads,Tainan,growth
1453,2024-02-16,referral,Hsinchu,growth
1454,2025-07-21,social,Tainan,new
1455,2025-07-17,organic,Taichung,growth
1456,2025-11-18,organic,Taoyuan,new
1457,2023-03-05,organic,Taipei,new
1458,2025-08-09,social,Tainan,new
1459,2023-09-14,ads,Tainan,growth
1460,2025-04-15,ads,Taichung,new
1461,2023-03-09,referral,Taoyuan,new
1462,2022-11-30,ads,Kaohsiung,growth
1463,2024-08-07,referral,Taichung,growth
1464,2024-09-16,referral,Hsinchu,new
1465,2025-05-16,social,Taichung,growth
1466,2024-06-28,ads,Taichung,new
1467,2023-04-27,social,Taichung,new
1468,2025-07-31,organic,Taoyuan,new
1469,2022-12-14,social,Taoyuan,new
1470,2025-07-26,referral,Tainan,new
1471,2023-12-20,referral,Taichung,growth
1472,2023-11-23,ads,Taipei,growth
1473,2025-08-02,social,Taipei,vip
1474,2022-12-21,partner,Kaohsiung,growth
1475,2024-06-04,social,Tainan,new
1476,2023-12-13,organic,Taoyuan,growth
1477,2024-11-29,partner,Tainan,growth
1478,2024-08-26,partner,Taichung,new
1479,2023-01-23,referral,Taipei,new
1480,2025-02-19,partner,Tainan,vip
1481,2025-09-19,organic,Taichung,new
1482,2025-02-04,ads,Kaohsiung,growth
1483,2025-01-16,social,Tainan,new
1484,2025-11-03,social,Taichung,growth
1485,2023-09-05,social,Taipei,vip
1486,2023-10-10,social,Kaohsiung,new
1487,2025-04-25,referral,Hsinchu,new
1488,2024-03-02,organic,Taichung,new
1489,2023-07-20,organic,Taipei,new
1490,2024-08-03,partner,Tainan,new
1491,2025-08-08,referral,Taoyuan,new
1492,2025-02-11,referral,Taipei,new
1493,2025-07-30,social,Taipei,growth
1494,2025-07-16,social,Taichung,vip
1495,2023-07-15,ads,Taipei,vip
1496,2023-03-04,social,Taipei,new
1497,2023-04-21,social,Taoyuan,new
1498,2024-07-30,social,Taipei,growth
1499,2025-08-15,referral,Taipei,new
1500,2025-08-08,social,Taichung,growth
1501,2025-03-11,social,Taichung,new
1502,2023-11-15,referral,Taoyuan,new
1503,2024-02-20,referral,Tainan,vip
1504,2025-03-24,organic,Kaohsiung,growth
1505,2023-11-22,partner,Tainan,growth
1506,2023-02-09,organic,Hsinchu,vip
1507,2025-11-27,referral,Taoyuan,growth
1508,2024-02-11,organic,Taipei,new
1509,2023-07-26,ads,Hsinchu,new
1510,2024-05-08,referral,Kaohsiung,new
1511,2025-07-26,referral,Taoyuan,growth
1512,2022-12-17,ads,Hsinchu,growth
1513,2023-05-31,organic,Kaohsiung,new
1514,2025-06-27,partner,Taoyuan,new
1515,2023-04-05,partner,Taichung,new
1516,2023-07-23,social,Tainan,new
1517,2023-03-15,social,Taipei,new
1518,2023-06-29,partner,Taipei,growth
1519,2023-04-29,organic,Taoyuan,new
1520,2023-11-16,organic,Taichung,vip
1521,2025-09-26,partner,Taoyuan,growth
1522,2023-02-08,partner,Taipei,new
1523,2024-10-31,partner,Taipei,growth
1524,2023-02-28,social,Kaohsiung,growth
1525,2023-09-10,ads,Kaohsiung,vip
1526,2023-09-14,ads,Tainan,new
1527,2024-06-13,referral,Hsinchu,new
1528,2025-02-24,partner,Kaohsiung,growth
1529,2023-05-11,ads,Taichung,new
1530,2023-09-12,social,Hsinchu,new
1531,2024-01-28,partner,Taichung,new
1532,2024-09-12,ads,Taichung,new
1533,2025-07-05,referral,Tainan,new
1534,2024-07-22,ads,Taoyuan,new
1535,2022-11-27,organic,Tainan,new
1536,2023-02-28,partner,Hsinchu,new
1537,2023-02-28,ads,Kaohsiung,vip
1538,2023-10-31,ads,Kaohsiung,new
1539,2025-04-17,partner,Taoyuan,new
1540,2025-12-01,organic,Taipei,new
1541,2024-03-10,organic,Taipei,new
1542,2024-07-24,social,Taoyuan,new
1543,2023-08-27,social,Kaohsiung,growth
1544,2025-01-01,social,Tainan,new
1545,2025-01-31,partner,Tainan,growth
1546,2023-07-02,ads,Taipei,growth
1547,2025-10-29,social,Tainan,growth
1548,2025-08-29,referral,Tainan,new
1549,2022-11-28,social,Taichung,new
1550,2023-02-22,partner,Taipei,growth
1551,2023-05-01,social,Taoyuan,growth
1552,2023-05-20,ads,Kaohsiung,new
1553,2023-07-16,organic,Hsinchu,growth
1554,2024-12-27,referral,Hsinchu,vip
1555,2024-04-16,ads,Tainan,growth
1556,2023-09-17,ads,Taoyuan,growth
1557,2022-12-10,organic,Taipei,growth
1558,2023-05-18,partner,Taichung,growth
1559,2025-08-15,social,Kaohsiung,growth
1560,2023-11-07,ads,Hsinchu,growth
1561,2025-02-11,organic,Taoyuan,new
1562,2024-05-05,partner,Tainan,vip
1563,2024-02-16,referral,Taoyuan,growth
1564,2023-11-12,ads,Tainan,growth
1565,2023-05-04,partner,Taichung,new
1566,2023-03-18,partner,Taoyuan,new
1567,2023-01-23,organic,Taichung,new
1568,2022-12-05,referral,Kaohsiung,new
1569,2023-02-27,organic,Tainan,new
1570,2025-04-22,referral,Hsinchu,new
1571,2024-11-12,referral,Tainan,new
1572,2024-12-11,social,Tainan,new
1573,2023-10-12,social,Taoyuan,new
1574,2024-05-17,organic,Taipei,vip
1575,2022-11-27,organic,Hsinchu,new
1576,2023-02-25,ads,Taichung,new
1577,2024-11-29,partner,Tainan,growth
1578,2025-10-09,referral,Taoyuan,new
1579,2024-08-15,referral,Tainan,new
1580,2024-02-03,partner,Kaohsiung,new
1581,2025-05-03,organic,Taichung,new
1582,2025-01-13,partner,Taoyuan,new
1583,2024-07-26,partner,Taoyuan,growth
1584,2023-05-27,organic,Taichung,new
1585,2024-08-28,ads,Hsinchu,vip
1586,2023-06-02,ads,Taipei,new
1587,2025-04-07,partner,Tainan,new
1588,2025-05-12,referral,Tainan,growth
1589,2024-08-18,social,Taipei,new
1590,2023-12-08,partner,Tainan,new
1591,2024-04-23,partner,Tainan,growth
1592,2024-08-29,social,Taoyuan,new
1593,2025-10-10,organic,Taipei,new
1594,2023-04-16,social,Taipei,new
1595,2024-10-07,social,Taipei,new
1596,2024-09-25,ads,Taipei,growth
1597,2023-12-23,ads,Taoyuan,new
1598,2025-11-11,ads,Kaohsiung,vip
1599,2025-07-12,partner,Kaohsiung,new
1600,2023-05-02,social,Hsinchu,new
1601,2023-09-03,organic,Taichung,new
1602,2023-02-02,partner,Kaohsiung,new
1603,2024-02-10,organic,Taoyuan,new
1604,2025-04-13,ads,Taipei,vip
1605,2025-06-24,social,Hsinchu,new
1606,2025-07-08,partner,Tainan,new
1607,2023-05-05,organic,Tainan,new
1608,2025-05-24,organic,Kaohsiung,growth
1609,2025-09-22,partner,Hsinchu,growth
1610,2025-03-16,referral,Hsinchu,growth
1611,2025-01-06,ads,Kaohsiung,new
1612,2025-05-06,partner,Kaohsiung,new
1613,2024-11-25,ads,Taoyuan,vip
1614,2023-09-06,organic,Taichung,new
1615,2024-03-21,social,Hsinchu,growth
1616,2023-04-27,partner,Taipei,growth
1617,2024-05-02,referral,Kaohsiung,new
1618,2025-04-26,social,Hsinchu,growth
1619,2024-05-24,organic,Taipei,vip
1620,2024-01-25,social,Taichung,new
1621,2024-04-14,ads,Taoyuan,new
1622,2024-11-15,partner,Kaohsiung,new
1623,2023-03-18,organic,Hsinchu,new
1624,2023-04-13,ads,Hsinchu,new
1625,2024-02-22,organic,Kaohsiung,growth
1626,2023-03-03,social,Kaohsiung,new
1627,2024-03-08,social,Hsinchu,growth
1628,2022-12-05,ads,Hsinchu,new
1629,2023-02-06,social,Taichung,new
1630,2023-04-20,partner,Hsinchu,growth
1631,2024-07-25,organic,Taipei,growth
1632,2023-05-02,ads,Tainan,new
1633,2023-07-02,social,Taichung,growth
1634,2023-12-15,ads,Taichung,new
1635,2024-04-04,social,Taichung,growth
1636,2024-09-03,ads,Taipei,new
1637,2024-09-20,social,Hsinchu,growth
1638,2025-03-05,referral,Taipei,new
1639,2025-10-11,organic,Hsinchu,new
1640,2025-03-11,partner,Taichung,new
1641,2024-11-12,partner,Tainan,growth
1642,2025-11-04,organic,Tainan,vip
1643,2024-08-04,social,Taipei,new
1644,2024-05-08,ads,Kaohsiung,new
1645,2025-08-11,organic,Taoyuan,growth
1646,2023-03-09,organic,Taipei,new
1647,2023-05-14,ads,Tainan,new
1648,2024-12-13,partner,Taoyuan,new
1649,2024-07-10,referral,Taipei,new
1650,2024-12-17,partner,Kaohsiung,growth
1651,2023-12-08,partner,Taichung,vip
1652,2024-06-09,partner,Taoyuan,vip
1653,2024-08-28,ads,Tainan,new
1654,2024-03-17,ads,Kaohsiung,new
1655,2023-09-17,partner,Tainan,new
1656,2024-04-28,ads,Hsinchu,new
1657,2024-07-12,partner,Taichung,growth
1658,2025-05-30,organic,Taichung,new
1659,2025-07-01,referral,Taipei,vip
1660,2023-07-03,social,Taoyuan,new
1661,2025-04-09,referral,Taoyuan,growth
1662,2025-04-02,ads,Taipei,growth
1663,2025-05-13,partner,Hsinchu,new
1664,2025-10-05,partner,Hsinchu,new
1665,2023-04-02,organic,Tainan,new
1666,2023-05-29,ads,Taoyuan,new
1667,2024-07-08,ads,Taichung,new
1668,2024-04-09,social,Taichung,new
1669,2025-09-29,partner,Hsinchu,new
1670,2023-07-28,organic,Hsinchu,new
1671,2023-03-18,social,Tainan,growth
1672,2024-03-31,organic,Taipei,vip
1673,2025-05-07,referral,Kaohsiung,new
1674,2022-11-27,referral,Tainan,new
1675,2023-04-06,social,Hsinchu,growth
1676,2025-09-09,ads,Taoyuan,vip
1677,2023-07-25,referral,Hsinchu,growth
1678,2025-01-07,ads,Kaohsiung,new
1679,2023-04-09,organic,Tainan,new
1680,2023-07-01,organic,Kaohsiung,new
1681,2024-03-02,referral,Kaohsiung,new
1682,2024-10-07,referral,Tainan,new
1683,2024-10-10,referral,Taichung,growth
1684,2023-10-04,social,Taipei,new
1685,2024-10-08,ads,Taoyuan,new
1686,2024-04-23,organic,Taipei,new
1687,2024-05-02,ads,Hsinchu,new
1688,2023-12-19,partner,Taoyuan,new
1689,2023-05-24,social,Hsinchu,new
1690,2024-09-24,social,Hsinchu,growth
1691,2023-04-22,referral,Taipei,growth
1692,2023-10-06,referral,Tainan,new
1693,2024-03-29,partner,Hsinchu,new
1694,2023-06-17,referral,Taipei,new
1695,2024-04-20,organic,Hsinchu,growth
1696,2025-05-04,social,Tainan,new
1697,2024-10-09,partner,Taipei,new
1698,2025-05-28,organic,Tainan,new
1699,2024-02-08,social,Hsinchu,new
1700,2025-04-21,organic,Taoyuan,new
1701,2022-12-02,referral,Taichung,new
1702,2022-12-08,referral,Hsinchu,new
1703,2024-02-07,referral,Hsinchu,new
1704,2023-03-25,social,Hsinchu,growth
1705,2025-06-03,ads,Hsinchu,growth
1706,2024-03-08,referral,Hsinchu,growth
1707,2025-11-23,social,Tainan,growth
1708,2023-06-27,social,Hsinchu,new
1709,2023-01-23,social,Hsinchu,new
1710,2023-08-23,referral,Taichung,vip
1711,2025-04-05,ads,Taichung,new
1712,2025-11-12,organic,Taoyuan,growth
1713,2024-05-14,ads,Taichung,new
1714,2025-01-17,organic,Taipei,new
1715,2025-03-21,social,Hsinchu,new
1716,2024-11-08,organic,Kaohsiung,new
1717,2023-06-14,organic,Tainan,growth
1718,2025-07-07,organic,Taipei,new
1719,2023-10-31,organic,Kaohsiung,new
1720,2024-10-15,social,Taichung,new
1721,2025-08-15,referral,Hsinchu,vip
1722,2025-11-19,referral,Taoyuan,growth
1723,2023-04-27,partner,Taoyuan,new
1724,2025-04-19,ads,Taoyuan,new
1725,2024-04-28,referral,Taipei,growth
1726,2025-08-21,partner,Taoyuan,new
1727,2023-07-01,partner,Taipei,new
1728,2024-02-16,organic,Taoyuan,new
1729,2023-08-30,organic,Taichung,growth
1730,2023-09-17,ads,Tainan,new
1731,2025-03-22,social,Taipei,growth
1732,2024-04-09,referral,Taichung,growth
1733,2024-09-02,organic,Taichung,new
1734,2024-10-27,partner,Hsinchu,vip
1735,2025-10-13,organic,Taoyuan,growth
1736,2024-01-27,social,Taichung,new
1737,2025-07-25,organic,Hsinchu,new
1738,2024-04-25,organic,Taipei,new
1739,2024-08-20,social,Kaohsiung,new
1740,2025-02-01,referral,Hsinchu,new
1741,2023-06-18,referral,Hsinchu,new
1742,2023-09-04,ads,Taoyuan,new
1743,2024-01-11,referral,Taipei,new
1744,2023-03-07,referral,Taoyuan,new
1745,2023-08-16,ads,Tainan,new
1746,2023-12-18,organic,Taipei,new
1747,2024-02-12,ads,Taichung,growth
1748,2024-01-23,ads,Taoyuan,new
1749,2022-12-04,ads,Taichung,new
1750,2023-04-19,partner,Tainan,new
1751,2025-03-14,referral,Taipei,growth
1752,2022-11-27,organic,Taoyuan,growth
1753,2024-08-05,organic,Taichung,new
1754,2025-12-01,ads,Taichung,new
1755,2023-08-29,social,Taoyuan,new
1756,2024-02-13,partner,Kaohsiung,growth
1757,2023-12-06,ads,Kaohsiung,new
1758,2024-12-17,ads,Taichung,new
1759,2025-11-28,ads,Taichung,new
1760,2025-03-24,social,Taichung,growth
1761,2023-11-07,partner,Taipei,growth
1762,2024-01-02,partner,Taichung,new
1763,2025-08-28,ads,Kaohsiung,new
1764,2024-12-04,ads,Taipei,new
1765,2023-04-29,referral,Taipei,new
1766,2024-08-13,ads,Hsinchu,new
1767,2024-02-14,organic,Taichung,growth
1768,2023-05-09,referral,Hsinchu,new
1769,2025-11-16,organic,Kaohsiung,growth
1770,2022-11-30,referral,Hsinchu,growth
1771,2024-07-14,social,Taoyuan,new
1772,2022-12-26,referral,Taipei,growth
1773,2023-06-20,ads,Hsinchu,growth
1774,2023-02-27,referral,Hsinchu,growth
1775,2025-08-21,social,Taipei,growth
1776,2024-09-08,organic,Taipei,new
1777,2025-06-24,social,Tainan,new
1778,2024-01-26,referral,Taipei,new
1779,2024-03-18,organic,Taichung,new
1780,2025-02-06,social,Kaohsiung,growth
1781,2024-08-17,organic,Tainan,new
1782,2023-09-13,social,Taichung,growth
1783,2023-02-17,partner,Kaohsiung,growth
1784,2023-08-02,partner,Taichung,new
1785,2025-06-07,ads,Kaohsiung,new
1786,2023-12-14,social,Kaohsiung,growth
1787,2024-03-10,ads,Tainan,new
1788,2023-05-19,referral,Taoyuan,new
1789,2024-07-06,partner,Taoyuan,growth
1790,2025-08-10,organic,Tainan,growth
1791,2023-08-19,partner,Hsinchu,new
1792,2023-12-20,referral,Taoyuan,growth
1793,2025-04-11,referral,Taipei,growth
1794,2025-09-25,referral,Taichung,new
1795,2022-12-17,ads,Hsinchu,growth
1796,2024-05-03,referral,Tainan,growth
1797,2024-02-02,social,Taipei,growth
1798,2025-06-11,partner,Hsinchu,new
1799,2025-02-26,ads,Kaohsiung,new
1800,2024-04-14,partner,Hsinchu,new
1801,2023-12-10,referral,Kaohsiung,new
1802,2025-04-14,referral,Hsinchu,growth
1803,2023-11-10,referral,Hsinchu,growth
1804,2025-07-30,partner,Hsinchu,growth
1805,2023-12-10,partner,Taichung,new
1806,2024-04-22,ads,Taichung,new
1807,2025-03-09,ads,Hsinchu,vip
1808,2024-05-02,social,Taichung,new
1809,2023-06-16,organic,Tainan,new
1810,2023-10-12,organic,Tainan,new
1811,2025-07-09,ads,Taoyuan,growth
1812,2024-05-20,ads,Kaohsiung,new
1813,2024-01-30,organic,Hsinchu,growth
1814,2024-06-20,partner,Tainan,new
1815,2024-04-07,ads,Tainan,new
1816,2025-09-11,organic,Hsinchu,growth
1817,2023-07-24,organic,Taoyuan,new
1818,2025-07-23,referral,Hsinchu,new
1819,2024-03-23,ads,Taichung,new
1820,2024-03-18,social,Tainan,new
1821,2023-04-28,social,Hsinchu,new
1822,2024-07-31,social,Kaohsiung,growth
1823,2023-08-31,ads,Taipei,growth
1824,2025-05-14,organic,Taoyuan,new
1825,2025-07-18,referral,Tainan,growth
1826,2024-02-27,referral,Tainan,vip
1827,2025-08-08,ads,Tainan,growth
1828,2025-08-17,organic,Taoyuan,growth
1829,2025-09-14,partner,Tainan,new
1830,2025-08-18,social,Kaohsiung,growth
1831,2024-07-25,ads,Kaohsiung,growth
1832,2024-01-10,social,Taichung,new
1833,2023-05-20,organic,Taipei,vip
1834,2024-09-13,ads,Tainan,new
1835,2024-10-30,ads,Taichung,new
1836,2023-01-23,referral,Hsinchu,new
1837,2024-08-11,referral,Kaohsiung,vip
1838,2025-04-02,ads,Tainan,new
1839,2025-11-19,social,Tainan,growth
1840,2025-03-09,ads,Hsinchu,new
1841,2024-08-09,ads,Taipei,new
1842,2024-07-05,ads,Tainan,new
1843,2022-12-26,social,Taoyuan,new
1844,2024-07-09,ads,Hsinchu,growth
1845,2023-06-14,partner,Taipei,new
1846,2023-01-28,partner,Hsinchu,new
1847,2023-08-12,referral,Taoyuan,vip
1848,2025-01-03,social,Tainan,growth
1849,2025-08-16,organic,Tainan,growth
1850,2022-12-01,partner,Kaohsiung,new
1851,2025-06-08,organic,Hsinchu,new
1852,2023-10-02,referral,Tainan,growth
1853,2024-03-25,referral,Taichung,growth
1854,2025-05-29,partner,Kaohsiung,growth
1855,2024-04-27,partner,Hsinchu,new
1856,2024-11-06,ads,Kaohsiung,new
1857,2024-07-08,organic,Taoyuan,new
1858,2024-01-27,social,Taipei,new
1859,2023-06-27,referral,Taichung,new
1860,2025-07-28,ads,Taipei,new
1861,2025-09-13,partner,Taipei,new
1862,2025-01-26,referral,Hsinchu,growth
1863,2025-08-30,partner,Kaohsiung,new
1864,2025-09-25,ads,Hsinchu,growth
1865,2022-12-30,ads,Hsinchu,new
1866,2023-06-20,organic,Tainan,new
1867,2024-04-12,ads,Kaohsiung,new
1868,2025-08-08,partner,Tainan,new
1869,2024-06-14,partner,Hsinchu,new
1870,2025-08-16,social,Taoyuan,vip
1871,2025-03-21,organic,Tainan,new
1872,2024-10-17,social,Taipei,growth
1873,2023-02-07,organic,Taichung,vip
1874,2024-03-26,ads,Kaohsiung,growth
1875,2025-01-05,organic,Taoyuan,new
1876,2024-03-15,partner,Taipei,new
1877,2025-10-09,ads,Taichung,vip
1878,2024-01-25,organic,Taipei,new
1879,2025-06-30,referral,Taoyuan,new
1880,2025-01-02,social,Taichung,new
1881,2025-06-21,referral,Taichung,new
1882,2023-09-10,organic,Kaohsiung,growth
1883,2024-08-14,partner,Tainan,new
1884,2025-05-07,partner,Tainan,vip
1885,2024-10-17,ads,Hsinchu,new
1886,2024-08-08,ads,Kaohsiung,new
1887,2025-07-16,partner,Kaohsiung,growth
1888,2024-02-09,social,Taoyuan,new
1889,2025-03-19,organic,Taichung,vip
1890,2025-07-27,organic,Taichung,new
1891,2025-06-11,organic,Kaohsiung,new
1892,2024-10-01,ads,Taoyuan,new
1893,2025-08-26,social,Taichung,new
1894,2023-12-29,referral,Kaohsiung,new
1895,2024-12-27,referral,Tainan,new
1896,2024-12-26,social,Tainan,vip
1897,2023-02-13,organic,Hsinchu,new
1898,2025-08-20,referral,Tainan,growth
1899,2023-07-15,partner,Tainan,new
1900,2024-05-13,organic,Taipei,growth
1901,2024-05-17,referral,Taipei,new
1902,2025-09-06,referral,Tainan,growth
1903,2024-11-26,organic,Taipei,new
1904,2024-06-06,organic,Taipei,new
1905,2023-10-16,social,Kaohsiung,new
1906,2024-08-05,ads,Taoyuan,new
1907,2025-04-20,ads,Tainan,new
1908,2023-05-14,referral,Taoyuan,new
1909,2025-06-17,ads,Taipei,new
1910,2023-12-14,organic,Taichung,new
1911,2025-10-02,referral,Taipei,new
1912,2024-06-03,referral,Taichung,growth
1913,2025-09-28,referral,Tainan,new
1914,2025-09-29,referral,Taoyuan,growth
1915,2023-11-21,social,Hsinchu,new
1916,2025-09-10,social,Hsinchu,growth
1917,2024-07-31,social,Tainan,new
1918,2025-01-30,ads,Taipei,new
1919,2024-12-02,social,Taichung,growth
1920,2025-08-30,partner,Tainan,new
1921,2023-02-04,organic,Taichung,new
1922,2025-11-23,referral,Kaohsiung,growth
1923,2023-08-29,social,Taipei,growth
1924,2023-05-25,referral,Kaohsiung,new
1925,2024-05-28,social,Taipei,new
1926,2025-03-29,organic,Taipei,growth
1927,2025-02-04,referral,Kaohsiung,growth
1928,2024-07-15,organic,Taipei,new
1929,2024-12-21,referral,Tainan,new
1930,2025-02-12,partner,Tainan,growth
1931,2023-07-29,partner,Taipei,growth
1932,2025-10-29,referral,Taichung,growth
1933,2023-09-02,social,Taichung,growth
1934,2025-03-22,ads,Tainan,new
1935,2024-10-22,referral,Taipei,new
1936,2024-06-21,referral,Tainan,growth
1937,2025-09-12,referral,Taichung,new
1938,2023-08-15,ads,Taoyuan,new
1939,2023-05-23,ads,Taipei,growth
1940,2024-05-10,social,Taipei,growth
1941,2025-02-07,partner,Taipei,growth
1942,2024-04-13,social,Hsinchu,growth
1943,2024-10-15,organic,Taichung,growth
1944,2023-04-11,organic,Kaohsiung,growth
1945,2024-02-05,social,Taichung,new
1946,2023-03-31,partner,Hsinchu,growth
1947,2023-02-13,ads,Taoyuan,growth
1948,2023-10-27,organic,Hsinchu,new
1949,2025-04-06,partner,Hsinchu,growth
1950,2024-05-27,organic,Taipei,new
1951,2024-02-21,social,Hsinchu,vip
1952,2025-06-17,organic,Kaohsiung,growth
1953,2023-06-01,organic,Kaohsiung,new
1954,2025-08-08,referral,Tainan,new
1955,2024-12-19,ads,Taipei,vip
1956,2023-07-17,referral,Taoyuan,vip
1957,2023-12-09,social,Taichung,growth
1958,2024-07-05,partner,Kaohsiung,vip
1959,2024-04-23,referral,Tainan,growth
1960,2022-12-08,partner,Hsinchu,new
1961,2023-05-14,organic,Taipei,new
1962,2024-02-24,referral,Taipei,new
1963,2024-05-08,social,Hsinchu,new
1964,2024-07-05,referral,Taichung,new
1965,2023-04-06,ads,Tainan,new
1966,2025-09-22,ads,Taipei,new
1967,2025-09-04,organic,Hsinchu,growth
1968,2024-06-02,referral,Tainan,growth
1969,2024-06-07,ads,Kaohsiung,growth
1970,2025-03-22,ads,Hsinchu,growth
1971,2025-05-14,partner,Taoyuan,growth
1972,2024-05-26,ads,Taichung,new
1973,2025-03-09,partner,Taipei,new
1974,2024-08-10,organic,Kaohsiung,new
1975,2025-08-19,partner,Hsinchu,new
1976,2024-05-01,referral,Taipei,new
1977,2022-12-16,organic,Taipei,new
1978,2024-06-12,partner,Taoyuan,new
1979,2024-01-24,organic,Taipei,growth
1980,2025-04-21,ads,Tainan,growth
1981,2024-02-25,referral,Taichung,growth
1982,2024-07-16,partner,Hsinchu,growth
1983,2025-06-13,referral,Hsinchu,new
1984,2024-10-19,referral,Taichung,new
1985,2024-02-13,partner,Taoyuan,new
1986,2024-08-02,ads,Tainan,new
1987,2023-02-20,ads,Taichung,new
1988,2023-05-17,partner,Kaohsiung,new
1989,2024-06-30,ads,Kaohsiung,new
1990,2023-11-12,partner,Taoyuan,new
1991,2024-02-26,ads,Tainan,new
1992,2025-08-14,organic,Taoyuan,new
1993,2023-11-02,social,Tainan,new
1994,2025-04-07,partner,Taichung,growth
1995,2023-05-23,partner,Taoyuan,growth
1996,2025-03-31,partner,Taipei,growth
1997,2025-03-25,partner,Taichung,growth
1998,2025-10-23,partner,Kaohsiung,growth
1999,2023-04-29,organic,Taichung,new
2000,2025-06-12,partner,Taichung,new
2001,2023-03-29,ads,Taipei,growth
2002,2024-01-27,ads,Hsinchu,new
2003,2025-08-06,social,Tainan,new
2004,2023-08-07,social,Taoyuan,new
2005,2023-07-20,ads,Taichung,new
2006,2022-12-30,organic,Kaohsiung,new
2007,2024-12-13,ads,Taipei,vip
2008,2024-02-14,organic,Taoyuan,new
2009,2025-10-13,referral,Taoyuan,new
2010,2023-07-02,ads,Taoyuan,new
2011,2023-03-06,ads,Taipei,growth
2012,2025-02-15,ads,Tainan,growth
2013,2024-06-20,ads,Tainan,growth
2014,2025-01-07,ads,Tainan,new
2015,2023-04-27,referral,Taipei,growth
2016,2025-06-23,partner,Taipei,new
2017,2024-07-08,organic,Taichung,growth
2018,2023-12-31,social,Taoyuan,new
2019,2022-12-08,social,Tainan,new
2020,2024-08-18,ads,Taoyuan,new
2021,2024-07-15,organic,Taichung,new
2022,2024-06-17,partner,Hsinchu,new
2023,2024-08-06,partner,Hsinchu,growth
2024,2025-01-27,referral,Kaohsiung,new
2025,2025-05-05,organic,Taoyuan,new
2026,2023-10-03,referral,Taoyuan,vip
2027,2025-05-29,partner,Tainan,vip
2028,2025-01-28,referral,Hsinchu,new
2029,2025-08-22,organic,Taipei,new
2030,2024-12-07,organic,Taichung,new
2031,2025-06-13,social,Taipei,new
2032,2024-11-22,partner,Kaohsiung,new
2033,2025-01-11,referral,Hsinchu,new
2034,2024-06-08,ads,Taipei,new
2035,2025-11-13,referral,Kaohsiung,growth
2036,2024-09-08,referral,Taipei,new
2037,2025-06-02,ads,Kaohsiung,new
2038,2023-06-03,social,Tainan,growth
2039,2024-04-11,organic,Taichung,new
2040,2024-07-16,social,Kaohsiung,new
2041,2024-09-29,referral,Taipei,new
2042,2024-09-26,ads,Taipei,new
2043,2024-05-26,ads,Taichung,new
2044,2023-11-10,referral,Hsinchu,growth
2045,2024-02-18,social,Taipei,new
2046,2025-03-15,partner,Taichung,new
2047,2025-11-14,referral,Taoyuan,vip
2048,2025-03-06,ads,Taoyuan,growth
2049,2023-01-18,social,Kaohsiung,new
2050,2024-03-09,ads,Taipei,new
2051,2023-12-11,organic,Taipei,new
2052,2023-10-07,referral,Taichung,new
2053,2023-06-10,partner,Kaohsiung,new
2054,2023-07-30,social,Taoyuan,growth
2055,2023-04-11,partner,Taichung,new
2056,2024-07-04,organic,Kaohsiung,growth
2057,2022-12-11,organic,Kaohsiung,new
2058,2025-05-04,partner,Taichung,new
2059,2025-01-04,social,Tainan,new
2060,2024-10-15,ads,Taipei,growth
2061,2024-12-05,partner,Tainan,new
2062,2024-02-04,organic,Kaohsiung,growth
2063,2023-04-17,ads,Taichung,new
2064,2023-08-27,ads,Kaohsiung,new
2065,2024-05-02,organic,Hsinchu,growth
2066,2025-01-17,social,Tainan,new
2067,2024-04-17,ads,Taoyuan,new
2068,2023-05-22,ads,Kaohsiung,growth
2069,2025-10-28,social,Kaohsiung,new
2070,2023-07-19,organic,Taoyuan,new
2071,2025-11-07,partner,Taichung,vip
2072,2024-04-20,partner,Tainan,new
2073,2025-01-21,partner,Kaohsiung,vip
2074,2025-01-26,ads,Taichung,vip
2075,2025-01-24,ads,Kaohsiung,growth
2076,2024-03-01,referral,Hsinchu,new
2077,2025-10-28,referral,Tainan,new
2078,2023-05-08,organic,Taoyuan,growth
2079,2024-07-18,ads,Tainan,new
2080,2023-09-25,referral,Taipei,vip
2081,2023-09-22,partner,Taipei,new
2082,2025-07-10,ads,Tainan,growth
2083,2023-12-09,ads,Tainan,new
2084,2022-12-18,organic,Taipei,new
2085,2024-11-10,partner,Kaohsiung,new
2086,2023-05-30,organic,Taichung,vip
2087,2023-01-07,partner,Tainan,growth
2088,2024-02-28,partner,Taoyuan,new
2089,2025-10-19,partner,Hsinchu,growth
2090,2025-08-26,partner,Taipei,new
2091,2025-11-29,ads,Tainan,vip
2092,2025-11-06,referral,Kaohsiung,new
2093,2024-03-28,partner,Taipei,growth
2094,2023-09-10,referral,Taipei,growth
2095,2023-05-03,organic,Tainan,new
2096,2023-11-18,ads,Taipei,new
2097,2025-02-22,partner,Tainan,vip
2098,2024-11-17,referral,Kaohsiung,growth
2099,2025-03-29,ads,Hsinchu,new
2100,2024-09-08,referral,Tainan,vip
2101,2024-04-24,organic,Taichung,new
2102,2024-03-07,partner,Taoyuan,new
2103,2023-05-12,organic,Taichung,new
2104,2024-04-11,referral,Taoyuan,growth
2105,2024-09-25,referral,Taipei,vip
2106,2023-01-05,referral,Kaohsiung,growth
2107,2024-07-25,ads,Taipei,new
2108,2024-05-24,social,Taipei,growth
2109,2024-08-04,ads,Kaohsiung,growth
2110,2024-12-11,referral,Taipei,new
2111,2025-08-16,organic,Kaohsiung,new
2112,2025-02-16,partner,Tainan,new
2113,2024-11-30,partner,Taichung,new
2114,2023-08-15,social,Kaohsiung,growth
2115,2023-08-03,partner,Taoyuan,new
2116,2025-09-12,ads,Taichung,growth
2117,2024-09-21,organic,Taoyuan,vip
2118,2024-12-01,organic,Hsinchu,new
2119,2025-03-18,social,Taichung,new
2120,2024-12-01,social,Kaohsiung,new
2121,2023-05-13,partner,Tainan,new
2122,2023-03-10,social,Taipei,new
2123,2023-10-08,referral,Taichung,growth
2124,2024-04-17,social,Hsinchu,new
2125,2023-10-31,organic,Taichung,new
2126,2025-04-23,ads,Hsinchu,new
2127,2024-04-09,partner,Taipei,vip
2128,2023-04-14,social,Taipei,new
2129,2025-01-15,social,Taoyuan,new
2130,2024-04-05,partner,Taichung,new
2131,2023-02-21,ads,Taoyuan,new
2132,2023-12-26,social,Taipei,growth
2133,2024-02-07,organic,Hsinchu,new
2134,2024-10-28,partner,Hsinchu,growth
2135,2024-04-30,partner,Hsinchu,vip
2136,2024-02-22,referral,Taoyuan,new
2137,2023-07-27,partner,Taichung,new
2138,2025-08-23,referral,Hsinchu,new
2139,2023-09-18,organic,Hsinchu,growth
2140,2025-11-09,organic,Taoyuan,growth
2141,2023-06-19,organic,Tainan,new
2142,2024-05-31,social,Tainan,vip
2143,2023-04-25,social,Taichung,new
2144,2024-12-22,ads,Taipei,growth
2145,2023-04-30,organic,Tainan,growth
2146,2025-11-15,ads,Hsinchu,vip
2147,2024-11-15,ads,Tainan,vip
2148,2024-05-05,organic,Tainan,new
2149,2024-09-03,social,Taipei,new
2150,2023-10-06,organic,Hsinchu,growth
2151,2023-01-15,referral,Kaohsiung,new
2152,2024-11-02,social,Tainan,new
2153,2025-05-11,partner,Kaohsiung,new
2154,2023-12-25,referral,Taipei,new
2155,2024-12-05,partner,Taoyuan,new
2156,2024-12-13,referral,Tainan,new
2157,2024-11-07,organic,Hsinchu,new
2158,2023-12-19,partner,Taichung,growth
2159,2025-06-19,ads,Tainan,new
2160,2024-08-18,social,Kaohsiung,growth
2161,2025-06-02,organic,Taichung,new
2162,2023-10-09,partner,Taipei,vip
2163,2023-10-07,organic,Taipei,new
2164,2023-08-20,ads,Taichung,new
2165,2023-09-09,social,Tainan,new
2166,2025-07-23,referral,Taipei,new
2167,2023-09-01,referral,Hsinchu,growth
2168,2023-10-27,ads,Taipei,growth
2169,2024-10-03,partner,Hsinchu,growth
2170,2023-03-04,ads,Kaohsiung,growth
2171,2024-08-05,organic,Hsinchu,growth
2172,2024-07-11,organic,Hsinchu,new
2173,2023-10-22,social,Hsinchu,new
2174,2023-12-26,partner,Tainan,new
2175,2023-11-28,partner,Kaohsiung,new
2176,2023-01-04,organic,Taoyuan,new
2177,2023-12-30,referral,Kaohsiung,new
2178,2025-08-29,ads,Kaohsiung,growth
2179,2023-03-31,referral,Hsinchu,growth
2180,2025-09-11,ads,Taipei,new
2181,2024-03-27,social,Kaohsiung,new
2182,2025-05-21,ads,Tainan,growth
2183,2023-02-04,ads,Taoyuan,new
2184,2023-12-20,partner,Tainan,growth
2185,2025-01-20,ads,Taipei,growth
2186,2023-03-10,organic,Taipei,new
2187,2023-07-10,social,Taoyuan,growth
2188,2023-07-01,ads,Taipei,new
2189,2024-10-05,ads,Hsinchu,growth
2190,2023-10-28,social,Taichung,new
2191,2024-12-01,referral,Kaohsiung,growth
2192,2024-02-15,partner,Hsinchu,new
2193,2023-11-19,referral,Taichung,new
2194,2024-09-05,ads,Taipei,new
2195,2023-07-11,ads,Tainan,new
2196,2024-03-16,ads,Kaohsiung,new
2197,2023-05-27,ads,Taoyuan,growth
2198,2023-12-06,partner,Kaohsiung,growth
2199,2024-06-22,referral,Taoyuan,new
2200,2024-04-05,organic,Taipei,vip
2201,2024-08-04,ads,Kaohsiung,growth
2202,2023-04-10,organic,Taoyuan,new
2203,2025-10-17,ads,Tainan,growth
2204,2023-06-11,partner,Kaohsiung,new
2205,2024-08-07,organic,Taichung,growth
2206,2023-04-18,partner,Hsinchu,new
2207,2023-08-06,ads,Taipei,growth
2208,2023-11-06,organic,Taipei,growth
2209,2023-10-15,ads,Kaohsiung,new
2210,2024-09-13,partner,Taichung,vip
2211,2023-04-09,partner,Tainan,growth
2212,2023-12-16,social,Taipei,growth
2213,2024-12-16,ads,Taichung,new
2214,2024-01-23,social,Hsinchu,growth
2215,2024-03-11,organic,Hsinchu,growth
2216,2025-08-14,organic,Hsinchu,new
2217,2023-01-26,organic,Taipei,new
2218,2024-04-30,ads,Tainan,new
2219,2025-02-06,partner,Tainan,vip
2220,2025-01-28,referral,Kaohsiung,new
2221,2025-03-08,referral,Kaohsiung,vip
2222,2024-11-24,organic,Hsinchu,new
2223,2025-01-29,social,Taichung,new
2224,2024-05-25,organic,Kaohsiung,growth
2225,2025-07-08,referral,Taichung,growth
2226,2025-11-09,partner,Taoyuan,new
2227,2023-02-03,organic,Hsinchu,new
2228,2022-12-21,organic,Taoyuan,growth
2229,2023-11-30,partner,Kaohsiung,growth
2230,2025-08-11,referral,Kaohsiung,new
2231,2024-04-28,social,Taichung,growth
2232,2024-08-09,partner,Tainan,new
2233,2025-10-31,partner,Kaohsiung,new
2234,2024-08-30,referral,Kaohsiung,new
2235,2023-11-16,ads,Taoyuan,new
2236,2023-09-17,organic,Tainan,new
2237,2023-07-18,ads,Hsinchu,new
2238,2025-11-27,partner,Tainan,growth
2239,2023-12-20,social,Kaohsiung,growth
2240,2025-08-07,organic,Hsinchu,new
2241,2025-10-29,organic,Taipei,new
2242,2023-07-31,organic,Taipei,new
2243,2025-03-25,partner,Kaohsiung,new
2244,2023-01-14,social,Taoyuan,new
2245,2024-06-28,ads,Taipei,new
2246,2023-07-09,partner,Taoyuan,new
2247,2025-10-12,social,Taipei,new
2248,2024-02-10,partner,Hsinchu,new
2249,2023-11-10,partner,Taoyuan,growth
2250,2023-04-14,ads,Taipei,new
2251,2025-01-16,ads,Taichung,growth
2252,2024-01-14,social,Hsinchu,vip
2253,2023-09-16,referral,Hsinchu,growth
2254,2023-11-15,partner,Hsinchu,new
2255,2025-03-02,partner,Tainan,vip
2256,2024-05-16,referral,Kaohsiung,new
2257,2025-01-04,organic,Taichung,new
2258,2025-04-17,referral,Taipei,new
2259,2024-06-20,organic,Kaohsiung,growth
2260,2025-05-08,partner,Hsinchu,growth
2261,2025-04-21,partner,Taipei,growth
2262,2025-06-04,social,Hsinchu,new
2263,2023-12-19,referral,Taoyuan,new
2264,2024-10-04,organic,Taoyuan,vip
2265,2023-08-30,social,Tainan,new
2266,2023-03-30,organic,Tainan,new
2267,2024-01-03,social,Taichung,new
2268,2025-11-17,social,Kaohsiung,growth
2269,2025-02-26,referral,Tainan,growth
2270,2025-04-28,partner,Tainan,growth
2271,2024-04-13,ads,Taoyuan,new
2272,2023-06-23,social,Tainan,new
2273,2024-09-07,referral,Kaohsiung,new
2274,2024-09-06,social,Kaohsiung,growth
2275,2023-10-04,social,Hsinchu,growth
2276,2025-08-01,referral,Hsinchu,growth
2277,2023-06-20,social,Tainan,new
2278,2023-08-22,partner,Hsinchu,growth
2279,2023-05-24,referral,Taoyuan,new
2280,2024-01-07,partner,Kaohsiung,new
2281,2025-11-08,social,Taoyuan,growth
2282,2023-12-27,referral,Taipei,vip
2283,2025-10-05,partner,Kaohsiung,growth
2284,2025-10-10,ads,Hsinchu,new
2285,2023-11-23,referral,Kaohsiung,growth
2286,2023-10-29,organic,Taichung,new
2287,2023-12-02,partner,Kaohsiung,vip
2288,2023-03-22,partner,Taichung,new
2289,2024-03-06,partner,Taichung,new
2290,2024-07-17,ads,Tainan,new
2291,2024-09-18,referral,Tainan,growth
2292,2025-05-27,ads,Hsinchu,new
2293,2024-08-19,social,Taichung,growth
2294,2025-03-27,ads,Hsinchu,new
2295,2024-03-10,organic,Tainan,new
2296,2024-05-23,organic,Hsinchu,vip
2297,2024-09-28,ads,Hsinchu,growth
2298,2022-11-29,referral,Taoyuan,new
2299,2024-06-21,partner,Taoyuan,new
2300,2024-03-05,social,Taoyuan,new
2301,2025-10-14,ads,Tainan,growth
2302,2025-04-17,referral,Tainan,new
2303,2024-04-12,social,Hsinchu,new
2304,2023-06-02,ads,Taichung,new
2305,2024-12-05,organic,Taoyuan,growth
2306,2024-11-18,social,Kaohsiung,growth
2307,2024-07-20,ads,Kaohsiung,growth
2308,2023-06-15,ads,Tainan,new
2309,2025-07-31,social,Taipei,new
2310,2024-01-26,organic,Kaohsiung,growth
2311,2025-01-30,ads,Kaohsiung,new
2312,2023-02-01,referral,Taichung,new
2313,2023-05-01,social,Tainan,growth
2314,2025-07-19,social,Hsinchu,new
2315,2023-03-02,referral,Hsinchu,new
2316,2024-02-19,referral,Hsinchu,new
2317,2023-05-29,partner,Taipei,new
2318,2025-04-17,social,Tainan,growth
2319,2022-12-02,referral,Taichung,vip
2320,2023-02-22,ads,Taichung,growth
2321,2023-06-05,referral,Taoyuan,new
2322,2025-01-24,partner,Taichung,new
2323,2023-10-19,referral,Taipei,growth
2324,2023-01-21,referral,Taichung,new
2325,2023-10-06,referral,Taoyuan,new
2326,2023-02-18,organic,Kaohsiung,new
2327,2023-12-17,referral,Taichung,growth
2328,2025-06-14,social,Taichung,new
2329,2025-09-28,referral,Taichung,vip
2330,2025-09-30,social,Taichung,new
2331,2023-08-04,partner,Kaohsiung,growth
2332,2024-04-23,organic,Hsinchu,vip
2333,2024-05-31,organic,Kaohsiung,vip
2334,2024-10-13,referral,Taipei,new
2335,2025-05-15,ads,Kaohsiung,new
2336,2025-01-01,referral,Hsinchu,new
2337,2025-04-07,partner,Tainan,new
2338,2025-02-07,partner,Taipei,new
2339,2024-05-07,social,Tainan,growth
2340,2025-04-17,organic,Kaohsiung,new
2341,2025-08-27,partner,Tainan,new
2342,2023-02-04,organic,Hsinchu,growth
2343,2023-01-03,organic,Kaohsiung,new
2344,2024-03-17,referral,Kaohsiung,growth
2345,2023-08-07,social,Taichung,new
2346,2023-04-04,ads,Taichung,growth
2347,2023-06-29,ads,Tainan,new
2348,2024-06-16,partner,Taipei,new
2349,2025-07-27,partner,Kaohsiung,new
2350,2024-11-07,ads,Tainan,vip
2351,2023-05-10,organic,Kaohsiung,new
2352,2024-07-03,organic,Taichung,new
2353,2023-02-03,referral,Taoyuan,growth
2354,2025-01-08,partner,Taipei,new
2355,2025-02-14,organic,Kaohsiung,new
2356,2023-11-23,ads,Kaohsiung,new
2357,2024-01-31,social,Kaohsiung,growth
2358,2023-04-14,organic,Tainan,new
2359,2025-11-05,organic,Hsinchu,new
2360,2025-06-15,organic,Taichung,growth
2361,2023-07-10,organic,Taipei,growth
2362,2024-08-06,partner,Kaohsiung,new
2363,2025-04-22,social,Taipei,growth
2364,2025-09-05,ads,Taoyuan,growth
2365,2024-09-10,partner,Taipei,new
2366,2023-05-09,referral,Taichung,new
2367,2023-12-20,partner,Tainan,vip
2368,2024-05-05,ads,Kaohsiung,new
2369,2025-01-07,referral,Taipei,new
2370,2023-11-11,partner,Kaohsiung,vip
2371,2024-08-14,referral,Hsinchu,vip
2372,2023-08-07,organic,Tainan,new
2373,2024-03-09,ads,Taichung,new
2374,2022-12-29,partner,Taichung,new
2375,2025-08-23,partner,Tainan,new
2376,2025-05-04,ads,Tainan,new
2377,2024-02-17,ads,Hsinchu,new
2378,2024-04-26,partner,Tainan,growth
2379,2024-07-25,partner,Taichung,new
2380,2024-06-29,ads,Kaohsiung,new
2381,2023-09-01,referral,Hsinchu,vip
2382,2024-10-24,organic,Taichung,new
2383,2024-02-02,partner,Tainan,new
2384,2024-06-30,partner,Tainan,new
2385,2025-05-09,partner,Tainan,new
2386,2023-09-16,partner,Tainan,new
2387,2025-01-06,referral,Taipei,new
2388,2023-03-22,referral,Taoyuan,new
2389,2024-06-11,organic,Kaohsiung,new
2390,2024-08-06,referral,Tainan,new
2391,2024-08-15,ads,Kaohsiung,growth
2392,2024-04-09,ads,Taipei,growth
2393,2022-12-08,ads,Taoyuan,new
2394,2023-04-04,referral,Kaohsiung,new
2395,2025-02-10,organic,Kaohsiung,vip
2396,2023-04-07,referral,Taipei,new
2397,2025-05-19,partner,Tainan,new
2398,2023-09-30,partner,Taichung,new
2399,2024-01-18,partner,Kaohsiung,growth
2400,2025-04-15,social,Kaohsiung,new
2401,2023-05-18,social,Taoyuan,new
2402,2023-06-10,referral,Tainan,growth
2403,2025-03-29,ads,Tainan,growth
2404,2024-06-17,partner,Taoyuan,vip
2405,2025-02-11,social,Tainan,new
2406,2025-08-27,organic,Tainan,new
2407,2025-10-26,ads,Taichung,growth
2408,2024-11-03,social,Tainan,new
2409,2023-04-23,social,Taichung,growth
2410,2024-12-25,ads,Taoyuan,new
2411,2025-09-10,social,Tainan,vip
2412,2024-03-18,ads,Taipei,new
2413,2025-08-14,organic,Taichung,new
2414,2024-04-27,ads,Hsinchu,new
2415,2023-04-20,social,Taichung,new
2416,2023-05-08,social,Hsinchu,new
2417,2024-05-23,partner,Taipei,new
2418,2025-03-08,ads,Kaohsiung,new
2419,2024-04-14,social,Taoyuan,new
2420,2023-04-02,partner,Hsinchu,growth
2421,2024-08-23,ads,Taipei,new
2422,2024-12-04,organic,Hsinchu,new
2423,2025-08-08,ads,Taipei,new
2424,2025-10-17,organic,Taipei,new
2425,2023-05-06,referral,Hsinchu,new
2426,2023-05-04,partner,Hsinchu,vip
2427,2025-05-15,partner,Taipei,vip
2428,2024-01-07,partner,Taoyuan,growth
2429,2024-01-11,organic,Taoyuan,new
2430,2024-05-27,social,Tainan,new
2431,2024-01-24,referral,Tainan,new
2432,2024-02-18,partner,Kaohsiung,new
2433,2024-07-06,ads,Taichung,new
2434,2025-05-21,partner,Taoyuan,new
2435,2025-04-20,partner,Taoyuan,new
2436,2024-03-29,ads,Tainan,new
2437,2025-07-19,referral,Hsinchu,new
2438,2025-10-14,social,Taichung,new
2439,2023-04-19,social,Tainan,growth
2440,2024-10-25,social,Taipei,new
2441,2023-06-09,ads,Hsinchu,new
2442,2025-03-10,partner,Taichung,new
2443,2025-06-11,organic,Taipei,new
2444,2025-02-23,organic,Taichung,new
2445,2025-08-20,partner,Tainan,growth
2446,2024-07-03,referral,Hsinchu,new
2447,2025-08-08,referral,Taipei,new
2448,2024-08-30,referral,Kaohsiung,growth
2449,2024-11-09,partner,Hsinchu,vip
2450,2025-09-10,partner,Hsinchu,new
2451,2023-07-30,organic,Tainan,growth
2452,2024-07-09,referral,Taichung,new
2453,2023-05-01,social,Taipei,new
2454,2024-10-12,social,Taoyuan,new
2455,2024-09-15,partner,Taoyuan,growth
2456,2025-05-25,ads,Taoyuan,new
2457,2024-07-29,social,Taipei,new
2458,2023-02-01,referral,Tainan,new
2459,2025-01-02,social,Taoyuan,new
2460,2024-01-09,organic,Kaohsiung,growth
2461,2025-05-18,organic,Taichung,growth
2462,2022-11-27,organic,Taichung,vip
2463,2023-04-05,organic,Tainan,new
2464,2025-04-08,ads,Taoyuan,growth
2465,2025-01-11,organic,Taichung,growth
2466,2025-04-11,social,Taipei,vip
2467,2023-09-12,social,Taoyuan,new
2468,2023-04-09,ads,Kaohsiung,new
2469,2024-06-13,organic,Taichung,growth
2470,2024-01-15,social,Hsinchu,new
2471,2023-07-22,referral,Taoyuan,new
2472,2024-11-09,social,Hsinchu,new
2473,2022-11-29,ads,Hsinchu,new
2474,2025-07-08,organic,Hsinchu,new
2475,2025-05-16,ads,Hsinchu,new
2476,2025-08-24,ads,Taipei,growth
2477,2023-08-30,social,Hsinchu,new
2478,2024-03-20,organic,Kaohsiung,growth
2479,2023-03-23,ads,Kaohsiung,growth
2480,2024-10-21,referral,Taipei,new
2481,2025-05-22,organic,Taichung,new
2482,2025-01-18,organic,Hsinchu,growth
2483,2025-04-13,partner,Taipei,new
2484,2024-05-26,social,Taichung,vip
2485,2024-08-14,social,Kaohsiung,growth
2486,2024-08-16,partner,Taoyuan,growth
2487,2024-07-25,ads,Kaohsiung,new
2488,2024-08-26,organic,Taoyuan,growth
2489,2025-04-28,referral,Kaohsiung,new
2490,2024-03-16,social,Taichung,new
2491,2024-01-02,social,Kaohsiung,new
2492,2024-02-08,referral,Hsinchu,vip
2493,2024-08-06,social,Tainan,vip
2494,2022-12-25,organic,Tainan,new
2495,2024-03-17,organic,Taipei,growth
2496,2023-06-30,referral,Taoyuan,vip
2497,2025-01-13,social,Kaohsiung,growth
2498,2025-05-14,partner,Taichung,vip
2499,2023-01-31,social,Hsinchu,new
2500,2023-02-12,organic,Kaohsiung,new
